livre.chapitre.verset,Bafia,Dii,Ejagham,Ghomala,Vute,Limbum,MKPAMAN_AMVOE_Ewondo,Mofa,Mofu_Gudur,Ngiemboon,Doyayo,Guidar,Peere_Nt&Psalms,Samba_Leko,Du_na_sdik_na_wiini_Alaw,Francais,Anglais,BIBALDA_TA_PELDETTA,Bulu,Guiziga,Fulfulde_Adamaoua,Fulfulde_DC,KALATA_KO_SC_Gbaya,KALATA_KO_DC_Gbaya,Kapsiki_DC,Tupurri
2JN.1.1,"Mɛ̀ Ǹsɛ̀ɛ̀mɛn, mɛ̀ yɛɛ kani Kirya, giɓ anɛ Bɛ̀ll à ɓɔ̀ngà, rì ɓɔn ɓii ɓɛ ǹkeesii lɛ kɔɔ̀kɔɔ̀; nni àa mɛ̀ cɛ̀ncɛm yɛɛ keesii mìni, lɔŋ ɓum ɓɛ̀cèm ɓɛ ɓɛ yii saaɗ ɓɛ keesii girig mìni; ","Míi  ı̵́  nii sú̵ggı̵́, míi ba'ad naa lig ı̵́ Tayɨɨ ka yee ví yȩ, kan waa vu̵ ɗerwəl yɛ nɔ. Mí hí̧í̧ ví dam pɛ́lı̵́. Míi hí̧i̧n ví dágá né, a̧máa nán ı̵́ ku̵u̵ gaa moo yȩ́ń máa vu̵ 'waapád, vu̵ hí̧í̧ ví á̧ḿ, ","Mmá nnyo Obhasi a sáŋe, n kí kup wâ na abhon abhâ. A re mme nnyo n di nâ nne-nkúí ka achot Obhasi nâ ń kubha áno. Okot obhámé na ên ó faŋ kpe-eji. Kpe mme átíŋ-atiŋâ asík m fonê ekpatə́m okot mbí na ên. Chénchén ane eróŋ mba á mə́ŋe mfoné nchot nnyi Obhasi, á fon okot mbí na ên. ","Myə, Gətso bvə bi Má ba m̀ bi po pyə. Wap pyə gɑ khuŋ wap nthʉm ŋkha' yə a bɑ yə nyənyɔ a. Tə da' myə a, ba guŋ pɔ awɛ pyə a bɑ wap zhyə nwə nyənyɔ a, ","Mɨ,  kɨ̀jíri  ə́mní, mɨ nyindɨsoó wu yàáŋ,  nò Mèín ya caré, mɨ nyindɨsoɓwéetɨ́ munɨ́b woò mɨ du ɗúmèɓàniì. Nɨ mɨ mwi̧ sé ɗóò ɨ́ du nyí ɗúnɨ, ɨ́dù nùb lâs ɗəŋhȩ kìn Mèèín àmɨrì á nyí ɗúɓwênɨ. ","Ñwaè' ca aè sañ máâ nleeñwáè neè njeñwáè ce a ce, ker ba boo vi ce m koèñ neè mini-ñwáè. Ku ba ba máè caè'caè' ce m koèñ weèe ka'. Beèe wááwá ce a rïìñ yuu mini a koèñ weèe foñ, ","Ma nyia-modo-mvia, matil Mkpëgë Elòmò ai bòn boe ya madiṅ a bëbëla, së ki ma etam, dzam da e ba bësë bëngayëm bëbëla, ","Iyè, ndo mɓer ridohi Zhiklè, a sam Kyria, mari Zhiklè a ngotsKoƋauda, a sam wudahi na ba, man i woy ta te ma nzura'a, iyè staƋgenè ka ɓai, aman ndohi tèlèba man ta sun ma nzura'a; ","I ndaw ma səka na, i windəraɓa a ŋgwas ma gaɗəma na ta wawa ŋga hay, na i ma wuɗata da waw me nəkey dey ma dərka ana - yah dada tsa kakay, amana ndaw ma ndzafama ma səradama dərka ana hay tabiyaha - ","Maja na cwiluiitquiendyo̱, matseiljeiya cartawaañe na matseicwano̱ⁿya na mꞌaaⁿꞌ ꞌu nomnnꞌaⁿya na macwjiꞌ Tyꞌo̱o̱tsꞌom cwentaaⁿꞌaⁿ ñequio ntseindaꞌ. Ñꞌoom na mayuuꞌ na jeeⁿ wiꞌ tsꞌo̱o̱ⁿya ꞌo na cwilaꞌjomndyoꞌ ñequio ñꞌoom na mayuuꞌ. Ndoꞌ nchii macanda̱ ja wiꞌ tsꞌo̱o̱ⁿya ꞌo mati chaꞌtsondye nnꞌaⁿ na cwitaꞌjnaaⁿꞌna ñꞌoom na mayuuꞌ. ","Mii ɗɛnt bɔ, mi gi bi̧i̧sig naad bɔ yɔ Bɛt herige hi waatɔ wɔ hii ɗɛɛrwol yɛrɛ. Ha̧a̧m a nɛ muul hi rɔbo, hā̧ā̧ mii kpɔd gɛ, ha̧a̧ wɔ hi mɛɛ rɔ́b dɔgl sɛw hɛw. ","Letər nawi, in ɗəf daya, nəslənək azat ɗak akən nəŋgəl diiɗa, dit kirtət pakə. Əntə nəŋgulukum kaaka katərgu ɓa, amma dit ɗii məs dətafən goŋga pakə. ","Míi yírbògə̀ri, ŋdì̧i̧nà pu yá̧a̧l  ya Vannáb tìil vìr ní, vəŋ varə́m əntò pɛ́m. Ŋyá̧a̧ dùggənəvə́rì. Kə̧n míivɛ pai, yíbtò ya gàa dùu muur yɛ̧́n ní pɛ́m yá̧a̧nəvə́rì. ","Núúboòraa yée, mə́  * dam  * Eklisiya bə̀ bád mə́ tùmà sə̀n nà'á aa Vɛnɛ́b sààvúŋà roó, kə̀ yɛb oò bəd tá. Mə́ í' ii tə́ sɔ̀ɔ̀n. Máára mə́ í' ii sə̀ní mə́ nə́ŋ̀ní gá, zá nɛ́b aa bə̀ gàb vɛ́nà rə gə́ kóólé. ","Ta n’abai ɗa, mu dara mu ɗo siɗi Kuriya, zi viri n’edi, gaiɗi aliɗi na ta mu diriti jre jre. -Mu ta kiya kai, amma nagai paŋ n’e siɗi jre ɗa lai- ","Moi, l'Ancien à l'élue Kyria et à ses enfants, que j'aime dans la vérité, —non pas moi seulement, mais aussi tous ceux qui ont connu la vérité,—","The elder unto the elect lady and her children, whom I love in the truth; and not I only, but also all they that have known the truth;","Sa ma maara ɗo tam Kiriya ta vilekay-goyta hiɗi gurona va'a, sa nan minsiya hay gasita. May mi nan kepɗi, may tam nisi kaf sa wi gasitawa kaw. ","Ma, mvendé , ma tili Nganti a ne ntoban a bone bé ma nyeʼe éfufup ya e benya mejôô été. A saa ve ma étam, ve nalé fe ba bese be bili ñyemane benya mejôô, ","I ya mbur micawwa matoho ɗerewol hana da maˀãy, Buymisemuŋ muwunaŋ, yo da ziri naŋhay, ya mawuɗ taŋ gisiŋ gisiŋ. I ya mawuɗ taŋ pal ɗu ta, amma mizli misinaka ɓi mikaslsla le gara ma.","Min ndottiijo, mi ɗon winndana mayramjo  cuɓaaɗo e ɓiyum'en ɓe ngiɗmi bee gooŋga bataakewol ngo'ol. Naa min feere am yiɗi on, ammaa annduɓe gooŋga fuu, ","Min ndottiijo, mi ɗon winndana mayramjo  cuɓaaɗo e ɓiyum'en ɓe ngiɗmi bee gooŋga bataakewol ngo'ol. Naa min feere am yiɗi on, ammaa annduɓe gooŋga fuu, ","Nɛ́ mí,  Kuti-wi , a̧ tom kalata’ɛ ha̧ Okoo nɛ̀ Sɔ̧ hoka, in o bem kɔ̧-a̧ n'am kɔ̧ɔ̧ nyɛmna wen zu kpasawen. Bó nɛ́ mi ɛ̀n'am a̧ kɔ̧ɔ̧‘nɛ́ ɓɛɛ na, ɓɛɛ o bíí lɛŋ nɛ̀ iŋa kpasawen mbɛt. ","Nɛ́ mí,  Kuti-wi , a̧ tom kalata’ɛ ha̧ Okoo nɛ̀ Sɔ̧ hoka, in o bem kɔ̧-a̧ n'am kɔ̧ɔ̧ nyɛmna wen zu kpasawen. Bó nɛ́ mi ɛ̀n'am a̧ kɔ̧ɔ̧‘nɛ́ ɓɛɛ na, ɓɛɛ o bíí lɛŋ nɛ̀ iŋa kpasawen mbɛt. ","Se va Meha za, ke Male  nya ntave Shala ba'a ke ŋwalea nta nyi ɗe 'ya mbe waŋe ta kaganda. Kenza deke 'ya nde ɗe ŋayɛ we, ama pɛtɛa mbeli nyi keɗepe kaganda, ","Ndi je Kluun, ndi yer wo ne Manwaçy maga Baa mañ go wo de weere äe maga ndi da ra ti cwaçy äe mono. De da rage bay diñ ndi tawa wa, jar maga wo de ko cwaçy mo äuy da wo ra lay, "
2JN.1.2,"lɛ saaɗ ànɛ à rì ɓi ɓìsi, ànɛ à ki rì ɓiì kɔ̀rii a lɔ̀ŋkis fiɗyàɓ fikɔ̀ɔ̀. ","moo moo yȩ́ń mbaa dɨ baa vílí, wú̵ń dɨ mbaalı̵́ kan ba ví há̧á̧ káákáá.","E fonê okot mbí ka mfoné nchot nnyi Obhasi a ri êt ka ḿbə́ŋé, á bhó maghé êt ta ótúm.","shyə m nə nyənyɔ yə a bɑ nə pɑ, gɔ la' pɑ pɑ́ nə pɑ. ","Ɓetí kìn Mèèín àmɨrì kɨ́ á nɨ́mè sumí, ɓace nɨ́ dùlɨ́ŋnɨ ɓè ɓwâ lâs á.","njobeè' yuu mini yi yu njep seèe, yi be kuè ba njo nfeseè. ","asu e bëbëla atoa abë bia, ndò fë ayi tòbò ai bia a kòm ya kòm. ","te man ma nzura'a a nzi te ndav nga, a da nzi te ndav nga a mèdèp. ","kavəday ma dərka ana ma ndza ha da vaw lakwa na, arka a da ndzey na da lakwa ma kwozaha: ",Wiꞌ tsꞌo̱o̱ⁿya ꞌo ncꞌe ñꞌoom na mayuuꞌ na waanaꞌ quiiꞌ nꞌo̱o̱ⁿya na ñequiiꞌcheⁿ nncꞌoomnaꞌ ñꞌeⁿndyo̱. ,Ha̧a̧m a nɛɛge a rɔ́b dɔgl bɔ gi waak ɔksig gbun hi wɛɛ dɔŋgo. Gi waawa hi wɛɛ faa be. ,Vi goŋga tay san də mənam ha faɗə.,"Muur yɛ́n kə̧ŋ kəbənəŋ símá̧a̧r di, dàŋ kə̧́ və́ə dúgdì kəbənəŋ símáa̧r di. ","Kàandə, vɛ́nà tə́ obə́n tɛ́mú, bít dá kuùm kə̀ obə́n tá, zèd kə̀ zèrá.","Pin jre n’aŋ warmu, n’aga a sumna gaimu haa hlai n’a vada kai. ","en considération de la vérité qui demeure en nous, et qui sera éternellement avec nous:","For the truth's sake, which dwelleth in us, and shall be with us for ever.","Kuɗ gasita ta ka musi hayaya, ta min mus hiɗi naya ta-ta hay vatɗita:",amu bebela a too e be bia a kui nnôm éto.,"Asi mike na, ɓi mikaslsla, naŋ da a hur ndra, yo naŋ da a ndir avu ndra ngi samadin.",ngam gooŋga ɗon nder meeɗen e ka wondan bee meeɗen haa foroy.,ngam gooŋga ɗon nder meeɗen e ka wondan bee meeɗen haa foroy.,"Ɛ́ɛ́ kɔ̧ɔ̧‘nɛ́ wen zu kpasawen nɛ̀ a̧a̧ tɛ̀ yɛ, nɛ̀ tɛ́ duk in yɛ̀ɛ́ kpoo nɛ kpoo.","Ɛ́ɛ́ kɔ̧ɔ̧‘nɛ́ wen zu kpasawen nɛ̀ a̧a̧ tɛ̀ yɛ, nɛ̀ tɛ́ duk in yɛ̀ɛ́ kpoo nɛ kpoo.",va nya nza kaganda mbe gheɓəmə ba'a nya tenza ŋkɛ le gheɓəmə kaghala ghala.,"werga cwaçy yañ de hayle äil naa, day se joñ ge yañ äil naa tum sagsage. "
2JN.1.3,"Geesɛ̀n ɗì rìcenɛ̀n rì fyòoog ɓyɛɛ ɓa rì ɓìsi lɛ rìfa ɗi Bɛ̀ll Seŋi, rì ɗi Yeesus Kiris Man à Seŋi, ɓi saaɗ rì ɓi nkɔ̀nɛ̀n.","Ba'á Tayɨɨ kan Yesu Krístu Waa Ba'á woo, u̵u̵ bag ba ví hȩn, u̵u̵ kɔ́d ba ví zó̧ó̧ nán, u̵u̵ 'yɛ́ ba ví ká̧'a̧d; ba mbaa ví kan moo yȩ́ń, kan hí̧nníi.","Deê Obhasi Ńsé na Jisos Krayis nnyo Mmon owe, á tóŋe êt onobhá-eji, á rî êt nsôn, á káre êt fə́ne enare. Deê é fôn chénchén ofa mbí, e jéghe ofon fə́ne mfoné nchot nnyi Obhasi na okot.","Gho', cɔmmtso, hwitə yə a fɑ bi Si Ta, bi Yeso Kristo Mu Ta, nthʉm nyənyɔ ba m̀ nthʉm khuŋnyə a pɑ bi pɑ̀. ","Mɨ yóóŋ Mèín nò du Táà ɓe Yésù Krístù nò du Mwin Táà, ŋgáb túùmnà nɨ́m nyàŋnjɔ̧̀. Ŋgáb ók nɨ́m mwàm, ŋgáb nà nɨ́m ju ɗóóŋ. Ŋgáb nà nɨ́m nyər kɨ́, nɨ́m nùb ə́əmmeɓa kìn Mèèín àmɨrì, nɨ́m ɨ́ dùkwà ɓe ɗûnɨ́m mvókín nɨ́mè noò.","AÈmboè seèe táá njep mini ba rkoèñnïì Nyúè, m ce loo máná Nyúè Taèr, ba Jisos Kraâis ce e yu Muu Taèr ghoni seèe, koosimnse neè seèe, ker fa seèe cumúnyañ.","Ntotomamaa ai ngòl, ai mvoè ya biasò abë Zamba esya ai abë Yesus Kristus mòn esya a bëbëla ai a ediṅ biayi tòbò ai bia.","Pombai, nsi ndo te va, a gumai te Zhiklè, Bab nga, te Yèsu Kristi, kra Bab-Zhiklè, da zhè a nda nga, te ma nzura'a, te mwoy-ndo.","ta lakwa na, ma da ndzey na hahaya, me key da vaw ta zozoy ma sandukurawa da Bay ma Bəla Baba, ta Yezu Kriste Bəzey ma Baba, da dərka, ta ma wuɗa vaw. ",Nquii Tyꞌo̱o̱tsꞌom na cwiluiiñe Tsotya̱a̱ya ñequio Jnaaⁿ Jesucristo quiana naya na laꞌxmaⁿna naquiiꞌ nꞌomꞌyoꞌ ñequio juu na mꞌaaⁿ na wiꞌ nꞌomna ꞌo ñequio juu na tjaa ñomtiuu cꞌomꞌyoꞌ jo nda̱a̱na ncꞌe ñꞌoom na mayuuꞌ ndoꞌ na candyaꞌ nꞌomna ꞌo.,"An Baa Bɛt hi Yeesu Kristu, yɔ gi waawalɔ gi gaawɛ rɔbsɛ, ya̧a̧rmɛɛki hi boolumi, a rɔb gbɔnɔ du hi hato.","Maŋgəlva Affəmə, də Zezu Krestu Wətəni dəpsəmən mbəlembəle də əviyan mambraya, də mogon də zamə, vi məsap gən də goŋga də əŋgla.","Bàa Vannáb vəŋ Yeesu Kiristu Bàa Vannáb Wowa úr pə́bənəmà̧ puur vəní, tə̀ pə́bənəmà̧ gím, və pə́bənəmà̧ kà̧a̧bò. Ɛntò bee yíbtò ya bəŋ gàanəŋ muur yɛ̧́n ní, vəŋ bəŋ yá̧a̧nəŋ bòob ní bəŋ zìinəmà̧ rì.","Báá bə́n Vɛnɛ́b, kə̀ Wàà oò Yéésù Krístù tá, bə̀ dá bə́n pə̀dkè ma'nàá, ɛ̀g bə̀ dá bə́n búúd bé'nàá, bít bə̀ dá bə́n tɛbə̀ piinàá, vɛ́nà rú, kə̀ í'sɛ̀lú.","Yum, gaini hiinini haw gaini ɵeɗ na wiini Alaw Api, gaini na wiini Yesu Kristu n’Ahini Api a sumna gaiki war jre, war diri lai.","la grâce, la miséricorde et la paix soient avec vous de la part de Dieu le Père et de la part de Jésus-Christ, le Fils du Père, dans la vérité et la charité!","Grace be with you, mercy, and peace, from God the Father, and from the Lord Jesus Christ, the Son of the Father, in truth and love.","Slugota, lamanda, hiɗi toyta ma lak hiɗi nigiya, kay kayni may vi Bumna hiɗi Yesu Kristu, Goora vi Bumna hay gasita hiɗi minda.","Mvam, nkoon éngôngo a mvoʼé , bia ye tabe e be bia, bi soʼo e be Zambe Esaa a e be Yésus Krist Mone Esaa, e benyaa mejôô été, a e nyeʼan été. ","Anja Cine ndra Buymisemuŋ ati Yesu Kristu, Mangal ngi Cine ndra, a ga ndra mezle, a pura ndra ˀircece, a vula ndra zuy ɓa i ndiram jom ar ɓi mikaslsla waɗ ar wuɗavu.",Mo'ere e hinnuye e salaaman Allah Baabiraawo e Yeesu Almasiihu  Ɓiɗɗo muuɗum ngondan bee meeɗen nder gooŋga e yiide.,Mo'ere e hinnuye e salaaman Allah Baabiraawo e Yeesu Almasiihu  Ɓiɗɗo muuɗum ngondan bee meeɗen nder gooŋga e yiide.,"Sɔ̧ Dáà in Bem kɔ‘i Jesu Krist a̧ há̧ mɔ nɛ̀ ta-tɛ in ga̧a̧mɔ h’ɛ́ɛ́, ɓɛɛ a̧ a̧ dé kó h’ɛ́ɛ́ mbɛt sɛn tɛ́ kpasawen in  kɔ̧ɔ̧mɔ .","Sɔ̧ Dáà in Bem kɔ‘i Jesu Krist a̧ há̧ mɔ nɛ̀ ta-tɛ in ga̧a̧mɔ h’ɛ́ɛ́, ɓɛɛ a̧ a̧ dé kó h’ɛ́ɛ́ mbɛt sɛn tɛ́ kpasawen in  kɔ̧ɔ̧mɔ .","Pa Shala Yita ba'a Yɛsə Kriste, Wəzege ta Yita, ndeke ɓəmə zlaɓa, zhɛ heli ba'a kwelɛŋe kezha nza gheɓəmə mbe kaganda ba'a ɗe.","Daga äil de ele, koge decoo jar wo de jam mani Baa Paçaçbe wo de Yeso Kris Weel Paçaçben mo joñ wo see naa ma kay naa ma seege ti cwaçyn wo de dage kaçaçra no."
2JN.1.4,Mɛ̀ɛ ǹnyààrɛɛ lɛɛ̀gwey yɛ̀ɛ mɛ̀ɛ nghɛɛ lɛ ɓɔn ɓɔɔ ɓɛdɛŋ ɓɛɛ̀ ghɛghɛɓ ɓi saaɗ lɔŋ yɛ̀ɛ Tààta à siŋdɛ̀ngà ɓìsi. ,"Zó̧ó̧ míí dȩ' mbaa ná' káń ho̧ waa móó tóó ku̵u̵ duu moo yȩ́ń, kɔ́ ı̵́ Ba'á Tayɨɨ ka o̧ wɔgɔ yȩ nɔ. ","Ḿbə́ŋé a gyébhe ə̂m kpe-eji nji n yúghi bəre etʉ̂ mba á rî nâ abhon abhâ, á kí tobhâ mfoné nchot nnyi Obhasi ka ekpak nji Obhasi Ńsé yê ḿfoné a sə́re êt. ","Gɑ̌ cəŋtə́ ŋwɛnyə tə', nə yɔ gɑ shɑ po pǔ wə giŋ nə məjyə nyənyɔ, giŋ nə ywə mco' myə Ta lə hɑ̌ bi pɑ a gɔm a. ","Ɓwâ mɨ tɨ féín, mɨ ɨ́ kwà mvókín munɨ́b woò, nùb kù á tùnɨ jɨ̀r àmɨrì hȩ Tá yi taré, mɨ ɨ́ ókɓà mɨ̀tù cei. ",M ce lu'shi magoèr aè ryá máná boo wee mo' a ce táá njep yuu mini aèmboè Taèr aè m laèa neè seèe. ,"Mëngatag abui mbol mëngayen na bòn boe bëziṅ bawulu a bëbëla, e kan bingabi mvende esòò abë tara. ","I wuffè kumba, aman i ngots te va wudahi ngaya tengahia ngiäè man ta jèjèr ma nzura'a, ara man riga ngots íe ma nkwèr Bab Zhiklè. ","Andza ma ma nəkadata wawa ɗek hay a dam aha ta tsakay tsəveɗ ma dərka, andza na mey ma mewey lakwa ma ndzafukwawa da Baba na na, ma vəlaya wuiya ɗuhwa ha. ",Jeeⁿ neiⁿya na ljeiya ntꞌom ntseindaꞌ cwilajomndyena ñequio ñꞌoom na mayuuꞌ chaꞌxjeⁿ nquii Tsotya̱a̱ya Tyꞌo̱o̱tsꞌom jnda̱ sa̱ꞌntjoom. ,Mi dag hat gbɔɔltɔnɔ anyɔ mi zɛm waat mɔ zaadɛ hi waak a rɔb gbɔnɔ du anyɔ Baa wɛ Bɛt raawɛ. ,"Makraw neki sawɓa vi kirtuk tahəŋ wəsbanən goŋga, va dawka məs mətaf səza Affəni. ",Ŋtə̀ zìiro varə́m mántò də́ə dùu dùggəŋ muur yɛ̧́n mú ya Vannáb daŋ pə́bənəŋ ní. Símá̧a̧r míní pùu taro. ,"Mə́ bɔ̀b yɛb ḿ bəd kam bə̀ tə́ insánke vɛ́nà bə̀ ko'ǹ, kə̀ nɛɛ̀n aa Báá indaŋ̀mbə̀ bàà rə kíin. Tɛ́m mə́ kìì làmkè yàá. ","Mu firya abai gara buri mu niviɗi zamai arbaɗi aliku e ɗa piyi war jre, pin gadai na mi niviŋsi sini Api par. ","J'ai eu bien de la joie de rencontrer de tes enfants qui marchent dans la vérité, selon le commandement que nous avons reçu du Père.","I rejoiced greatly that I found of thy children walking in truth, as we have received a commandment from the Father.","Nan ka firi ŋolo kay nan fi gurona vag sara'a ka poy hay gasita, kuɗ vun-ma-gatna ma numa'a fumay vi Bumna pa. ","Me nga wôʼô angôndô ya beta mevak ya yene bone bôé ba wulu e zene benya mejôô été, aval ane abendé bi nga nyoñ e be Tate e né. ","Ti ya muluma ziri ɗik mekelemey masipam jiviɗ ngi ɓi mikaslsla, kaɓa Cine ndra miɓa ndra di ɗaˀ le na, yi mumul haɗa teˀe.",Mi seyi masin nde mi tawi ɓikkoy ma ngoɗkoy ɗon tokki gooŋga fodde umroore nde en keɓi diga Baabiraawo. ,Mi seyi masin nde mi tawi ɓikkoy ma ngoɗkoy ɗon tokki gooŋga fodde umroore nde en keɓi diga Baabiraawo. ,Mi kpaa gasa desee wen mi zɔka o ŋma bem kɔ-mɛ ndak nɛ́ ɗoŋ kpasawen nyɛm nɛ̀ ɗoŋ heembea n’ɛ̀ɛ́ kpaa tɛ̀ Dáà. ,Mi kpaa gasa desee wen mi zɔka o ŋma bem kɔ-mɛ ndak nɛ́ ɗoŋ kpasawen nyɛm nɛ̀ ɗoŋ heembea n’ɛ̀ɛ́ kpaa tɛ̀ Dáà. ,"Kwele kwele se 'ya kazlama kwa nakɛ kweci ŋwalea ŋa 'ya kadzeghwa kwa hweŋkwa ta kaganda, kala nya gezete ɓəmə Yita. ",Äil äi joñ go feh debañ wer maga ndi da' weere äo mapo wo seege ti cwaçyn de ngaäge dega' de waçaçre jag liñgi maga Paçaçben hay bag ne naa mono. 
2JN.1.5,"Nni ɓigomìnɛ, Iyà, com ki ǹtɔtɔ̀g ki yin lɛ kìdɔ̀gsɛna ki nyɔn kɛɛ̀ki ǹfaa wɔ̀, ki ri lɔŋ kidɔ̀gsɛna ki tì tekà à tumɛ̀n a rìtumɛ̀n, kɛɛ ri lɛ ti kɔ̀nɛɛna ɓìsi rì ɓìsi. ","'Ya̧'a̧ yɛ máa, mí o̧m: ba hí̧í̧n ví ú, naa lig míí. Mí bíńda mɔ́ dooká 'maŋŋɨ né, a̧máa dooká kaa dəŋ nuŋ ví ya sey dəné woolı̵́ pee nɔ. ","Mmá, ń ka séŋ mfá-mfá bəre ḿ kpó karé wâ ebhín efê, kən a ri ńjə́ne jə́t nji e fonê ta ka ebhú e róghe ḿbə́ŋé ekíím na Obhasi. Ebhín í nchane é rî sê deê é kôt atem.  ","Cwəlɔ Ma, gɑ̌ wə həŋtə bu, ŋ tə́ bvə pɑ́ shɑ mco' sə bu pɑ, a bɑ pɑ myə pɑ lə kwi tə tyɛ' a, gɑ̌ wə həŋtə bu gɑ pɑ pɑ́ khuŋnyə cəcɑ̌ pɑ. ","Ɗàrò cè, yàáŋ, mɨ taá ɨnayâna nɨ́m dùná ɓe ɗûnɨ́m mvókín nɨ́mè no. Nɨ ɓíì heé sé mɨ du wu tɨ̀nnànɨ, du nɨ ɓíì kùb yi na nɨ́m yàá ɓwâ nɨ́m yi sei nùb ə́mní á. ","Maamaê, m ce loo weèe seè'ni ená seèe koñni. M ce sañ wa'a a ce laèa ba yuu fi neè wáè ka', yu ba yi ce seèe a m yu' efa rkáè'. ","Ndò hm etoa dzi, masili wa, a mininga, matil ki wa mkpamaṅ mvende, matil wa e mvende bingabi atarigi a mëtari na bidiṅan bia bia. ","Anai i dzhaƋ ka, Kyria, ara man i winda ka ma nkwèr mɓua'a ka ɓai, aman ara man nga ngotso te nhinkaƋ na: ngowoyokoy va nga, ngiƋè da woy ngiäè! ","Ana ekəɗey tok ŋgey dəme, i tsəhafaka na -i windəkaɓa ɗey na, mey ma mewey waya ha kakay, amana na lakwa ma səradakwa na zla da mezley ana- wuɗakwama vaw ka 'ar vaw lakwa na hay. ","Ndoꞌ jeꞌ ꞌu nomnnꞌaⁿya na matseiyuꞌ, macaⁿꞌa njomꞌ na cꞌo̱o̱ⁿya na jnda nquiuuya nnꞌaaⁿya na cwilayuꞌ. Ñꞌoomwaaꞌ na matseiljeiya nchii ñꞌoom xco na matsa̱ꞌntjomnaꞌ, ñecwii xjeⁿ juunaꞌ chaꞌxjeⁿ ñꞌoom na ñejndya̱a̱ najndyee. ","Yɛrɛ nàa, hinyɔ mi gim ɛrko, hinɔ taa an mi gisin dɔgl seg bi̧i̧ko, gi dɔglyɔ wɛ gin nɛ amntɔnɔ gi yɛɛl a biitirnaandu gii an gi ha̧a̧tinwɛ. ","Ɗakə nəŋgəlukuk sawɓa, ndəni nədakamoko məŋglu səm zəmə. As bo dawka meleketen nəver ɓa: Dawka məs mərah daga wətəŋ nan nakki. ","Yakai yá̧a̧lɛ̀, ŋtə̀mgənúrì, yíwa yá̧a̧bà bòoi. Ŋdì̧i̧nnà pú muur pum pai, ə ní muur ya bəŋ zìi bìi dùgnəŋ ní. ","Bít bə́ŋyée gə́, mə́ tə́ən kíìn nyɛmàá, nà'á, báà í'ǹ ɔ̀dnə́ŋ̀ bə́n bòdba. Aarə indaŋ̀mbə̀ puu mə́ bád n taà gá, aarə indaŋ̀mbə̀ aa bə́ bɔ̀bà sɛŋ aa sɔ̀d dú roó. ","Tiyana mu siiwuku, tuku Kuriya zi diri gara, -na mu ɗoɗi suku na na ɗa a gadai na hehe kai, amma a ni na mu nuvuŋmusi war pi zi tiki par ɗa, -ɓa mu durumu marmu arbaɗi marmu. ","Et maintenant je te  le  demande, Kyria, —non comme si je te prescrivais un commandement nouveau; car c'est celui que nous avons reçu dès le commencement,— aimons-nous les uns les autres.","And now I beseech thee, lady, not as though I wrote a new commandment unto thee, but that which we had from the beginning, that we love one another.","Wulin kayni, Kiriya, va ma nan ɗo tag tan kayni may mi vun-ma-gat ma wuliɗi, mi vun-ma-gatna ma nay fum hay cawa'ta tuniti pa, ala nay ma li hiɗi minda jar-tuwaya tuwaya. ","Wôna éyoñe ji ma sili wo de a Nganti. Teke tili tili wo mfefé atiñ ve di bi bili a so atataʼa. E nyeʼesaʼan, wua a nyô mbok. ","Na, wurenna so na maˀãy ɗu, wuɗukum vu ar wala ndra. Ya matuhuw di hana, i ɓimuɗuva nawaya ta, i ɓi misi ndra mulumaka zle ar zlivirzi naŋ na.","Jonta mi ɗon toro ma, an mayramjo, naa bana umroore hesre mi winndani ma, ammaa ɗum umroore nde en keɓi diga fuɗɗam: Ngiɗindiren . ","Jonta mi ɗon toro ma, an mayramjo, naa bana umroore hesre mi winndani ma, ammaa ɗum umroore nde en keɓi diga fuɗɗam: Ngiɗindiren . ","Kinii, Kóò'ɛ, bó nɛ́ mbe heembea a̧‘m yɔr ha̧ mɛ na; ɓɛɛ mɛ̀ nɛ́ heembea n’ɛ̀ɛ́ kpaa só nɛ̀ ku̧u̧naŋ-a mɛ̀ tɛnɛ: ɛ̀ɛ̀ kɔ̧́ ŋmaa in o ŋmaa.  ","Kinii, Kóò'ɛ, bó nɛ́ mbe heembea a̧‘m yɔr ha̧ mɛ na; ɓɛɛ mɛ̀ nɛ́ heembea n’ɛ̀ɛ́ kpaa só nɛ̀ ku̧u̧naŋ-a mɛ̀ tɛnɛ: ɛ̀ɛ̀ kɔ̧́ ŋmaa in o ŋmaa.  ","Ma tsetsenya gɛ Male ganyɛ, wa nya ghena nya 'yɛwe 'ya va gha nya: ɗe ɓəmə ghəa ɓəmə. Kenza kaghena mɛnɛfɛ yarafe ŋa 'ya we, ama deke ghena nya kemave gheɓəmə se vəashinyɛ. ","Patala fen maga ndi yer wo ne ndo ti äe mono Kiriya, bay ti waçaçre jag liñgi ma defay wa, ama, mbe diñ ti maga naa hay da' mbe le tañgu äaa ga naa mo da kaçaçra mono."
2JN.1.6,"Nni ǹkɔ̀nɛ̀n à rì lɛ mum a ghɛɓ yɛ̀ɛ ɓìdɔ̀gsɛna ɓi Bɛ̀ll ɓyɛɛ̀ kpaakpàà; kìdɔ̀gsɛna ki ɓì ghɛ̀ɛ̀sɛɛ kì nɔ̀ɔ̀tii kɛɛ̀ kìn lɔɔ, lɔŋ yɛ̀ɛ ɓì wokà a rìtumɛ̀n.","Hí̧nní máa wu̵ dooká Tayɨɨ woo vu̵ duulíi. Ká ví dəŋ ki dooká yȩ sey dəné woolı̵́ sú̵'ú̵, tée i hí̧ńnú.","Okot a ri sê ó ki ebhín Obhasi. Ebhín í nchane nji ó yuk ên ta ka eróghá-ndə́p é rî sê, é fôn ekpin okot.","Ywə yə khuŋnyə bɑ ya a bɑ gɑ: pɑ ghiŋ nə məjyə mco' myə́. Mco' myə po lə la' ju' tə tyɛ' a bɑ mɔ̌, po'o gɑ po ghiŋ nə jyə bɔ. ","Ɗûnɨ́m du nɨ jə̧̀ə̧́ ɓíhɨ̀b Mèèín á. Hȩ nyí ya ókháce yàá ɓwâ nyí ya sei nùb ə́mní rɨ, ɓíì kɨ́ ta nyí dù ɓe ɗûnɨ́m mvókín nyínè no na á.","Rkoèñnïì li yu ená seèe ce gee buu ce Nyúè ce laèa. AÈmboè weèe aè m yu' efa rkáè', yuu ce e laèa yi yu ená weèe cu neè rkoèñnïì-ñwáè. ",Ediṅ enë na biwulu a mëmvende moe. Mvende te enë na miwulu ete anë mingawog a mëtari. ,"Na haha mwoy-ndo, aman nga jèjèr ma nkwèr Zhiklè. Na haha ma nkwèr Zhiklè, ara man kin ngots te nhinkaƋ na, aman kin da jèjèrè'a. ","Nəkafa me wuɗey vaw ana tok: haya i ka nakwama na, ta tsəveɗ ma mey ma mewey ŋga hay. Mey ma mewey ana kuray ma tsənadəmərawa zla da mezley ana na, ŋga ha, ma aza kuray ka dawam ta tsəveɗ ana ŋga na na.","Luaa waa na maꞌmo̱ⁿnaꞌ na jnda nquiuuya ntꞌomcheⁿ, na cꞌo̱o̱ⁿya na cwilaꞌcanda̱a̱ꞌndyo̱ ñꞌoomꞌm na cwitsa̱ꞌntjomnaꞌ chaꞌxjeⁿ ñꞌoom na tyondyeꞌjndyeeꞌyoꞌ na cꞌo̱o̱ⁿya na wiꞌnꞌo̱o̱ⁿya nnꞌaⁿ na cwilaꞌyuꞌ.","Hinyɔ raakɔ a ha̧a̧wɛ Bɛto, gɛ: a wɛ wa̧a̧ dɔglɔ wɔ raawɛ. Dɔglyɔ raawɛ gɛ: a wɛ fɔ Bɛt ha̧a̧tigɔ gii anyɔ hi goksin da biitirnaandu. ","Əsban dawka na Maŋgəlva pay pak na, ndəni əŋgla məs nədaw nah sukum wənnani. Ndəni bo dawka məs kəpprəmaŋ daga wətəŋ nani; məsoŋ adəv əŋgla.","Yír kə̧ dùuro ɛn ya Vannáb daŋ ní ní, kə̧ nì màgdo yá̧a̧sàŋ. Muur ya və́ kìi bìi dùg ní bee wəivɛ: Yá̧a̧sàŋ kə̧mà̧ kəvə́ símá̧a̧r di.","Í'sɛ̀l kùmsə̀n ko'ǹmbə̀ Vɛnɛ́b indaŋ̀mbə̀ bərá. Indaŋ̀mbə̀ aa íí dá bagǹ də, tə́ kìínmbə̀ aa íí sán sɛŋ aa sɔ̀d dú rə kíin ní' kuùmbə̀ í'sɛ̀lú.","Diri a siŋka edi war zi na pin gadai, hanɗa a gadai n’aga ki piyi warni ɗa, maini na ki ɵiniŋ war pi zi tiki par ɗa nɵa.","L'amour consiste à marcher selon ses commandements; et, c'est là son commandement, comme vous l'avez appris dès le commencement, de marcher dans la charité.","And this is love, that we walk after his commandments. This is the commandment, That, as ye have heard from the beginning, ye should walk in it.","Ŋaata vi minda kayn ala nay ma poy hay vun-ma-gatna valamu. Kayni mi vun-ma-gatna ma nigi as poy hayamna, ki nigi hatawa hay tun cawta pa nala.","Nyeʼan ô ne na, bi wulu e metiñe mé été. Nalé nye a ne atiñ bi nga wôk a so atataʼa na, mi wulu e zen éte été. ","Pura ɗi, wuɗavu na, n'ani: anja i ram ar jiviɗ ngi ɓimuɗuva ngi Buymisemuŋ. Ɓimuɗuva, kum micinaka zle ar zlivirzi naŋ, ɓa ki ram angi jiviɗ naŋ na, i nah.","Yeeɗugo fodde umrooje Allah, kanjum woni yiide. Ɗum umroore nde on nani diga fuɗɗam, haa ngeeɗon fodde maare.","Yeeɗugo fodde umrooje Allah, kanjum woni yiide. Ɗum umroore nde on nani diga fuɗɗam, haa ngeeɗon fodde maare.","Ɓɛɛ  kɔ̧ɔ̧mɔ  nɛ́ mɔ'ɔ: mɛ̀ nɛ́ wen h’ɛ́ɛ́ mɛ de mɔ nyɛm nɛ̀ ɗoŋ heembea ko Sɔ̧, ɓɛɛ heembea'i nɛ́ wan n’ɛ̀nɛ̀ zia nɛ̀ ku̧u̧naŋ-a mɛ̀ tɛnɛ, wen h’ɛ́nɛ́ mɛ́ ba nɛ́ yuwar'i.","Ɓɛɛ  kɔ̧ɔ̧mɔ  nɛ́ mɔ'ɔ: mɛ̀ nɛ́ wen h’ɛ́ɛ́ mɛ de mɔ nyɛm nɛ̀ ɗoŋ heembea ko Sɔ̧, ɓɛɛ heembea'i nɛ́ wan n’ɛ̀nɛ̀ zia nɛ̀ ku̧u̧naŋ-a mɛ̀ tɛnɛ, wen h’ɛ́nɛ́ mɛ́ ba nɛ́ yuwar'i.",Ɗe ya kanza kala ghena nyi gezete Shala. Wa nya ghena nya fate yɛ se vəashinyɛ nya: nza mə mbe ɗe.,Day dage sen diñ seege ti waçaçre jag liñgi äen wo. AÀ mona diñ waçaçre jag liñgi maga nday nen seege ti äe do maga nday hay laan le tañgu ti tï¡ï¡gi wer mono. 
2JN.1.7,"Lɛ ɓɛ̀yègsì-ɓum ɓɛ mɛ sààtɛn ɓi ziinɛ lɛɛ̀gwey; ɓɛ gherɛɛ ɓi lɛ, Yeesus Kiris à yalɛ̀ngà lɔŋ mum. Rìkuu ɗi mum ɗìn ɗi ri ǹ-yègsì-ɓum ɗi ki ɓa ŋwaànɛ a ɗùùɗuu ri Kiris. ","Nán hȩn zo""ı̵́ vu̵ hi̧' dɨ hágá yɛlı̵́. Vu̵ ma Yesu Krístu, vu̵ sɛ́n o̧lȩ́ ba tiin nánán yȩ́ńná sú̵'ú̵ né. Nán ka kɔ́ ı̵́ yo̧go̧ tée, nán hȩn zo""ı̵́ɨ, ı̵́ maag Krístu woo nɔ. ",Ane-áfúbhí mba á kí tʉ nne a gyê etə́m á jabhe ngun. Ane mba á bhó kam sê Jisos Krayis a bháe ka ngun nnyí noŋ nne. Nne kpe nnyón ntʉ́ghi nnyó a ri nne-áfúbhí na nne-ebhan í Krayis yót fə́ne. ,"Nə pa' a bɑ pɑ fʉtə pɔ jɔmyɔm sɛ dzʉ, wap tə siŋ piŋnthʉm gɑ Yeso Kristo bɑ ě sɔ' nthʉm bapnɑ pɑ̀. Fʉtə mo bɑ gɛ bo Kristo. ","Tɨ́kàŋkáàŋ ví̧i̧ á cɨ̀ bɨ ɗɔ̀ɔ́b lè bɨ̂ŋ; ŋgáb ɗúwa ə́ə̀mnɨ ɨnayâna Yésù yi ámeɓatɨ́ síí nɨ̀vɨ́tèé. Nò du nɨ́ ɓe kúúŋ mɨ̀lə́m kíì du nɨ tɨ́kàŋkɨ̧́ á, ŋgə́ du nɨ nò ɓəndɨ Krístùù á. ","Ku' ñgaâa mbo' beèe a yu njep ñgoèñ, a ce kani ená Jisoès aè m beèeñger aè ñwáè, a vú njep ñgoèñ ka'. Njáèá ñwáè anaè yu ñwáè mbo' beèe, a ba ñwáè baèa Kraêis. ","Amu abui bod mëdugan bëngasò a si-ndon, e ba bamëm ki na Yesus Kristus angasò a minson. E nyòlò te anë mod-minnal, atoa fë nziziṅ-Kristus. ","Ndohi mpi ndohi a wi kumba ta zlèzlèmè t'herkeda, a ta ngredè azɓai, Yèsu Kristi a mshkè, n'nga ara ndo. Nasa ndo mpi ndo a wai, a mayam Kristi.","Hərway ndaw me pey wuiya ka ndaw hay na, ma pa mey a hiya ka bəla kambəlaɓa, a tələkam mey na, ka me pey 'ar ma ma sawa ma Yezu da slaw vaw ana tikay. Nəkafa, ŋga na ndaw me pey wuiya ka ndaw ana, ndaw dugwan ma Kriste ana. ","Jndye nnꞌaⁿ mꞌaⁿ tsjoomnancue na cwinquioꞌnnꞌaⁿ na cwiluena na tiyuuꞌ na jndyo Jesucristo na tsꞌaⁿ jom. Tsꞌaⁿ na luaaꞌ machꞌee cwiluiiñê tsꞌaⁿ na manquiuꞌnnꞌaⁿ, ndoꞌ tsꞌaⁿ na wjaa nacjooꞌ Cristo. ","Yɔ anbɔ, dood ya̧a̧gɔ̧ɔ̧nyaadɛ hi tuuz a waal du kittɔnɔ, hā̧ā̧hi an hi ta̧a̧ a Yeesu Kristu zaa an dooyɔ hi rɔb gɛ. Za̧a̧n bɔ anbɔ gii gi doo ya̧a̧gɔ̧ɔ̧nya, wɛɛ gi Kristu lɔlhɛ̧ɛ̧nikyayɔ.",Məwaŋ tepelkeɗ tahəŋ ko aŋga pakə. Dəŋgereŋ ətafən na Zezu Krestu adek də gəɓa zənni ɓa. Ndəni kan mədawsən məwə tepelke də məzuzel na Krestu. ,"Míilnábtò yá̧mno kúsà̧a̧r di gùurɛ̀. Və mərdo ya Yeesu Kiristu yaale mú yíri ní. Yír ya kóŋ ɛn uur bee ní, wə yòo míiltóo, wə kə̧ nì Yeesu Kiristu fanɛ̀. ","Nɛ́b gúsuúm bə̀ bəd zùúm, bə̀ pììà tə́ zɔ̀ŋə yɛ́b ba, nɛ́b bəd tə́ŋú. Bə̀ məə tə́ kíìn ke'ǹmbə̀ Yéésù Krístù, yaà bíl nɛ́ŋə̀ yàá. Màn aa mà' kàandə, nɛ́d gúsuúm bìá; oòra kùmsə̀n Yéésù Krístù ɔ̀dmáàná. ","Buri ɓa ɗai zi rhi ɗai viya e birisi e ɗa edi warɗi yai, miɗi na ɓa Yesu Kristu a halasi war neŋ-si ɗa, e diri e yimiŋ kai, ɗif zi rhai zaw antikristu ɗa a siŋka edi war hanɗa. ",Car plusieurs séducteurs ont paru dans le monde; ils ne confessent point Jésus  comme  Christ venu en chair: c'est là le séducteur et l'antéchrist.,"For many deceivers are entered into the world, who confess not that Jesus Christ is come in the flesh. This is a deceiver and an antichrist.","Wulini sum sa ɗut sumun goyna ŋolo dusiyawa goy kay nagata, nisi may vi ala Yesu ma hay nagata hay sliw-tuw sanaɗi. Nisi kayni si sa ɗut sumuna hiɗi anti-kristuwayna. ",Amu beduʼu bôt be maneya mialane si nyô. Be nji mem mbunane na Yésus Krist a nga zu bialé minsôn. Nduʼu bôt a nsiñe Krist nye ñhe le!,"Mizli mitikina vuhoy ada haɗa, a yam vu le zlar duniya. Yesu Kristu a tiri mbur le gisiŋ gisiŋ na, t'anta ngumam sin naŋ ta. Mbur magi kahana na, i mitikinavu, i mesene ngi Kristu.","Ngam fewooɓe ɗuuɗɓe ɗon caŋkiti nder duniyaaru. Ɓe njaɓataa wi'go Yeesu Almasiihu laati neɗɗo fakat. Irin yimɓe ɓe'e, ɓe fewooɓe e konne'en Almasiihu. ","Ngam fewooɓe ɗuuɗɓe ɗon caŋkiti nder duniyaaru. Ɓe njaɓataa wi'go Yeesu Almasiihu laati neɗɗo fakat. Irin yimɓe ɓe'e, ɓe fewooɓe e konne'en Almasiihu. ","O wi-ɔr-wi pɛsa dam zaŋnu nɛ̀ dɔka-a, ɓɛɛ wa gbar kɔ̧ɔ̧ɗɔɔwen'e Jesu Krist tɛ̀ɛ́ tɛ́ mur-tɛ na. Wi-ɔr-wi a̧‘i, wi-we-zu nɛ̀ Krist nɛ́ mɔ‘i. ","O wi-ɔr-wi pɛsa dam zaŋnu nɛ̀ dɔka-a, ɓɛɛ wa gbar kɔ̧ɔ̧ɗɔɔwen'e Jesu Krist tɛ̀ɛ́ tɛ́ mur-tɛ na. Wi-ɔr-wi a̧‘i, wi-we-zu nɛ̀ Krist nɛ́ mɔ‘i. ",Kwele kwele ka tseŋwəa kɛfi nyi kepesleyi geva te hɛɗi lema. Kaɗe hɛ kaɗepe nahe Yɛsə Kriste kezhɛrenyɛ kawəndə ŋelɛ we. Nahe mbelia shɛhɛ kenza kaka tseŋwəa kɛfi ba'a kaka jaga ta Kriste. ,"Werga jar ma jaçë jarn laa wo we le go ti tamsir la debañ, jar sen bay wo waçaçge ga Yeso Kris hay kol we go je tabay wa. Je ma dosen no kay diñ je haçy jar no, diñ Je hee Kris so. "
2JN.1.8,"Ɓì konàg rì mìniìɓɔmiɗ lɛ kɛ̀ ɓi ɗimzi ɓiɗùn ɓi ɓi kìsay kis, wɔ̀lɛ ɓì ghɛ̀ɛ̀sɛɛ lɔŋ ki terì mɛ̀lèɓ mɛ miì mɛ̀cèm. ","I gág kan fó̧ó̧ víí ú, moo ka vín tid hȩn kíí nuŋ ba'ad vóólı̵́ máa gbɔ ú̵. A̧máa hȩn sú̵ú̵lı̵́ víí a mbaa yagalı̵́.","Deê ó fî ên mân biji ibhə́né, nne a kâ yîm é tán yê ka etûm nji ta a yîm, kən deê a fon ekəp Obhasi é súí é fúk.","Po khyəp nɑ tsɔ, bɔmtə gɑ mfa' mɔ myə pɑpuŋ kɑ pi, po tɔm nɑ tsɔ sɔ' ŋkwi mcwɔ'fa'. ","Nyí ma gə́tìi, ə́r nyínè tɨ̀ lɔ̧́ sam, nyí tɨ̀ məm lɔ̀ɔ́ nyínè lâs.",Loèr neè nfeè' faè dïì' weèe bá yuu ce weèe ce faè' aètu mo ka' tá weèe bo koni wee blaè' wááwá. ,"Boan okala na të miadzèè e dzi mingasye, dzam da na mibëlë maan ntud. ","Vagu maya, aman skwi ntul mizlinè kinè a zi azɓai, aman vagu aman kin ngècè skwi ntul kinè tèlèba! ","Wam daw ka vaw ka 'ar vaw kwar ana hay, ma kuray ka da zəɗadama tek ma merɓey ma meslərey kwar zlay, ama kuray ka da ndzafam na masa ɗuhwa ha dzay. ",Joꞌ chii calꞌaꞌyoꞌ cwenta na juu tsꞌiaaⁿ na jnda̱ ñelꞌaꞌyoꞌ titseicwaqueⁿnaꞌ na cweꞌ tsꞌiaaⁿꞌndyo cha canda̱a̱ꞌ nntoꞌñoomꞌyoꞌ na nntantjomꞌyoꞌ.,"Oon zul nɛ an bɔnɛ wags woos nɛ bɔ humlɔ, an nɛ dag dɔɔrɔɔs nɛ hi̧i̧sili. ","Məzi zukum vi kədaw zanən wətər wəray na wəza nam vikum ɓa, amma kərəhaŋ gən riba nan pak məs Maŋgəlva aɗi vikum.","Və́ laabà yúl və́ní, kə və́ tò̧ na̧a̧ tonóm ógvɛ pai, və́ gò̧mà̧ kə və́ zìi vìrbà ɛn ti.","Kə̀ aakíin də, ìì gú' yíl íí ra, bɔ̀b ìì tɛ̀ŋ mú'sɛ̀l dùm íí sí, zá ìì kè' mú'sɛ̀l dùm íí kə̀ zɔ̀ŋtá.","Ki giɗimi siki pɗem kapai ki bi alini wala na mu zumu sda burini edi kai, amma kapai ki nivi vrak na pɗem na gaini futini. ","Prenez garde à vous-mêmes, afin que vous ne perdiez pas le fruit de votre travail, mais que vous receviez une pleine récompense.","Look to yourselves, that we lose not those things which we have wrought, but that we receive a full reward.","Ŋomgi tuwgi ŋaa'a kay vuɗna vi lopna vuma'a ma ba goyɗi, may kay nigi ma fi wurakŋa hay liyam kafe.","Baʼalane ñhe miabebiene na, mi bo te jañele bibuma ya biyaé bienan, ve na, mi nyoñe maʼane menan ngum. ","Kum vuna, jam lesl, anja ki zizaka migir ngi slra kumoyo ta, amma ɓa ki lumam migire haɗa.","Kakkilane ko'e mooɗon, ngam taa on majjina nafuuda kuugal amin ngam mooɗon, ammaa haa on keɓa mbarjaari mooɗon fuu.","Kakkilane ko'e mooɗon, ngam taa on majjina nafuuda kuugal amin ngam mooɗon, ammaa haa on keɓa mbarjaari mooɗon fuu.","Ɛ̀nɛ̀ zɔ́k tɛ‘nɛ́ wen ká mɔɔ-oi-tom k’ɛ́nɛ́  tɛ́ɛ̀ nyaŋ‘nɛ́, ɓɛɛ h’ɛ́nɛ́ mɛ́ kpa nɛ́ mɔɔ-oi-aa nɛ̀ dama-a.","Ɛ̀nɛ̀ zɔ́k tɛ‘nɛ́ wen ká mɔɔ-oi-tom k’ɛ́nɛ́  tɛ́ɛ̀ nyaŋ‘nɛ́, ɓɛɛ h’ɛ́nɛ́ mɛ́ kpa nɛ́ mɔɔ-oi-aa nɛ̀ dama-a.","Ntsehwele mə yitea ghəa ŋayɛ, yitea ɗema yɛ kazamte zhɛme ta slene ta n'yɛ, ama kezha kemave zhɛme ta ŋayɛ yɛ fate fate.","Koë wee see äay de el nen maga mbere joñre naa mo bas go de koë wa, ama daga nday mo da' poëge äayn keëed äuy. "
2JN.1.9,"Mum ǹcèm ànɛ à ghaghii ɓìdyànì, kɛ̀ɛ ɓèŋdi rirèsì ɗi Kiris, à yin ɗi Bɛ̀ll; nni mum ǹcèm ànɛ à ɓiì kɛ̀ɛ asu à ɓèŋɓèŋ rìrèsì ɗi Kiris, à rì lɛ, nyi rì Seŋi, nyi rì Man. ","Kóó nɔ́nná a mbaan moo tú""í Krístu woolı̵́ né, a̧máa a tú' moo tóó kə́d tée, kan Tayɨɨ pɛ́lı̵́. Nán ı̵́ a mbaa moo tú""í yȩlȩ́ tée, mbaa kan Ba'á Tayɨɨ kan Waa á̧ḿ. ","Kpe énê nnyo á bhó top okpígha-ejûm í Krayis, kən a kí toŋâ se yê a mə́ŋe a chîŋ, nâ á ka fon Obhasi ka ḿbə́ŋé. Kən nne nnyo a kí tobhâ okpígha-ejûm mbí, nâ a fonê Obhasi Ńsé na Mmon owe ka ḿbə́ŋé. ","Mo yə e tə́ giŋ nə ywə yə Kristo ji'tə a pɑ, Si tə bɑ bi e pɑ. Mo yə e ghiŋ nə ywə yə Kristo ji'tə a, Ta bɑ bi e ba Mú kwi' bɑ bi e. ","Nò du nɨ́ tùwá tɔ̀ɔ́ Krístù naré jɨ́k, ŋgə́ ɨ́ ɓààrê àám kàŋnì ya, nò kɨ́ nɨ ɓaín ɓe Mèín ɗàà. Nò ə́əmce tɔ̀ɔ́ kíì, á ɓaín ɓe Tá ɓe Mwin cúk. ","Ñwáè ka' ma'shi yuu ce Kraâis aè m yá'ni, ce geèe jáá, baná ñgaèñ yu aèbee a Nyúè ka'. Ñwáè ka' ku cu ba njep yuu ce Kraâis aè m yá'ni, baná ñgaèñ yu aèbee a Taèr a ker ba aèbee a Muu. ","E mod osë ya akë osu, të tòbò a ayëgëlë Kristus, abëlë ki Zamba. E nyò atòbò abë Zamba, abëlë esya ai mòn. ","Ndo man a dè a ma ma, a nzi te njèma Kristi azɓai, nenga'a a n'rigatsa Zhiklè ɓai. Ndo man a nzi te njèma Kristi, a n'ngots cèw ba, Bab Zhiklè a kra na. ","Kwa way way ma daway ka mey kambəlaɓa na na, ma ndza ha da me tetəkey ma Kriste kakay na, Bay ma Bəla ta ŋga dakay. Ndaw andza ma ndza ha ta me tetəkey ana na, ŋga na, Baba ta Bəzey na, ma ndza hiya da ŋga. ","Meiⁿquia tsꞌaⁿ na nncwinomꞌ ñꞌoom na waa cantyja ꞌnaaⁿꞌ Cristo, ticaljooꞌñe ñequio ñꞌoom na tꞌmo̱o̱ⁿ, ticꞌoom tsaⁿꞌñeeⁿ ñꞌeⁿ Tyꞌo̱o̱tsꞌom. Sa̱a̱ tsꞌaⁿ na cwiljooꞌñe ñequio ñꞌoom na maꞌmo̱ⁿnaꞌ cantyja ꞌnaaⁿꞌ Cristo, tseixmaⁿ tsaⁿꞌñeeⁿ cwentaaꞌ Tyꞌo̱o̱tsꞌom ndoꞌ ñequio Cristo. ","Za̧a̧nyɔ rek doos hɛmltɔnɔ gi wāā a Kristu hingok du gɛ, ɔks hi Bɛt gɛ; za̧a̧nyɔ waa a hinyɔ hi gogsig gedu be, ɔks hi Baa wɛ Bɛt hi waawal bɔ du. ","Ɗəf məs asban an məs Krestu adarban ɓa, ɗəf məs dəmzla səza wənnani wəsler nan tay də Maŋgəlva ɓa. Amma ɗəf məs dədasban zəga məs Krestu arbani: nan wəsler də Affəni gəm də Wətən pakə. ","Yír ya dùun ɛn ya Yeesu daŋ ní bai, wə kóŋ ɛn də́ə góŋ ní, wə dàn kə̧́ má̧a̧rì vəŋ Vannáb bai. Yír ya dùuro ɛn ya Vannáb daŋ ní ní, wə dàŋ kə̧́ má̧a̧rì vəŋ Bàa Vannábò, vəŋ Wowa pɛ́m. ","Kə̀ aakíin də, màn aa dìì Krístù insánke rú sé, zá áá dààì rə, Vɛnɛ́b oò tɛ́mə́ sé. Nɛ́ŋə̀ aa kùmì Krístù nwɔŋə́ rə, Báá kə̀ Wàà tá, bə̀ tə́ oò tɛ́mú. ","Asiya ɗi paŋ n’a sirɓa li edi gaigai n’a dara a sumna war hitri na wiini Kristu kai ɗa, Alaw aŋ gaini kai, amma ni n’a sumna war hitri hanɗa, Api gaini ahi e ɗa gaini. ","Quiconque va au delà et ne demeure pas dans la doctrine du Christ, ne possède point Dieu; celui qui demeure dans cette doctrine possède le Père et le Fils.","Whosoever transgresseth, and abideth not in the doctrine of Christ, hath not God. He that abideth in the doctrine of Christ, he hath both the Father and the Son.","Sa ma cal hagata goyo, mus hay hatta vi Kristuɗi, Lawna may hayamɗi; sa ma mus hay hatta, Bumna hiɗi Goora ka hayamu. ","E nyô a zembe ôsu, te tabe nyeʼelane Krist été a nji bi Zambe. E nyô a too nyeʼelan Krist été, nye a bili Esaa baa Mon. ","Ko wa gar macici zlak ar dubun ngi Kristu ta, amma maru kileŋ fineˀ nah ma na, naŋ manja Buymisemuŋ a hur naŋ. Mbur macici zlak ar dubun ngi Kristu na, naŋ ati Cine waɗ ati Mangala.","Mo jogaaki ekkitinol Almasiihu, luuti ngol, o walaa kawtal bee Allah. Ammaa mo jogi ekkitinol ngo'ol, o ɗon nder kawtal bee Baabiraawo e  Ɓiɗɗo.  ","Mo jogaaki ekkitinol Almasiihu, luuti ngol, o walaa kawtal bee Allah. Ammaa mo jogi ekkitinol ngo'ol, o ɗon nder kawtal bee Baabiraawo e  Ɓiɗɗo.  ","Kóó o ndé nɛ̀ yak zu usamɔ ko Krist, Sɔ̧ bó tɛ̀ wi’ɛi na, ɓɛɛ wi nɛ̀ duk ɓɔn tɛ̀ usamɔ‘i, wi’ɛi a̧a̧ nɛ̀ Dáà in Bem. ","Kóó o ndé nɛ̀ yak zu usamɔ ko Krist, Sɔ̧ bó tɛ̀ wi’ɛi na, ɓɛɛ wi nɛ̀ duk ɓɔn tɛ̀ usamɔ‘i, wi’ɛi a̧a̧ nɛ̀ Dáà in Bem. ","Ma wəndə nya kezlakemte ba'a nya kenzama le ghena ta Kriste ne, kenza ŋkɛ jikə le Shala we. Ma wəndə nya kenza le ghena ta Kriste ne, jikə ŋkɛ le Yita ba'a le Wəzege. ","Je maga raw äen wo pel ni, day bay we seege wer hadge maga Kris hay hadn mo wa no, je sen bay diñ je ma Baa wa. Je maga yañ seege wer hadge sen no, je sen diñ je ma Paçaçben wo de Weel no. "
2JN.1.10,"Nni i mum à yùu yì a lɔ̀ŋkin, kɛ̀ɛ ɓay ɗì rìrèsì ɗiǹ, kɛ̀ ɓi ghàɓ nyi ɓi naa yìn, kɛ̀ ɓi ki tògsi nyi; ","Nán tóó ka yaa víílí, ka pa̧ga̧n moo tú""í yȩ né tée, i fȩȩwo̧ víílí sa̧a̧mé sá, i vá""u̵ sá á̧ḿ, ","Kpe énê nnyo á bha mbâ eyəné, á ka bhá na okpígha-ejûm í Krayis, deê o kâ káre ên yê kpe ekumi. Kpe ekûp í nnyo nji se, “Deê enare é jóe na we,” o kâ kûp. ","Mo sɔ' bi po, tə e lə lɑ ywə yə Kristo ji'tə a nə sɔ', ka po piŋ e ywə po, po kɑ ca'tə e ba nə ca'tə. ","Nò kù ɨ́ gò yɨ́ nyínè, ŋgə́ ɨ́ du nɨ́ nyí tɔ̀ɔ́ Krístùù kɨ́ gèwònàwá, nyí nɨ ŋgə́ yó gàmdə̂r, nyí nɨ ŋgə́ nyìndɨ̀ɓàcéyè. ","Ñwáè moè' ka' vú aè ryá weèe, ke' ce yá'ni ba njáèá ryá'nïì ca ka', weèe fa byemi tá e niñ mbe weâe ndaèp ka', fa fa neè ye bo foñ ka'. ","Ngë mod ziṅ asò abë mina të yëgëlë ayegëlë di, të miabëlan ai nyè a mënda maan, të miasug nyè. ","Ndo man a dè a sam kinè, a cko njèma haha ka ɓai, nenga'a kin ceda a gi ɓai, kin ga na mbali ɓai. ","Haɗaw ndaw ana a daɓa ta tsakay kwar, mandzara ka dadəraɓa me tetəkey a neney na, ka da ŋgəlama a 'ay kwar zlay, ka tsamar guma zlay. ","Xeⁿ nncwjeeꞌcañoom tsꞌaⁿ ꞌo ndoꞌ nchii mañequiaaⁿ ñꞌoom na mayuuꞌ cantyja ꞌnaaⁿꞌ Cristo, meiⁿ tilaljoꞌyoꞌ jom lꞌaꞌyoꞌ meiⁿ na nñequiaꞌyoꞌ na xmaⁿñê. ","Za̧a̧nza gi zaa a nɛɛge gi gōgsin hin yɛrɛ gɛ, bɔnɛ zeg nɛ raa du, bɔnɛ wɛɛ nɛ booge a seko. ","An ɗəf adek annokumda məza də wənnaŋ ɓa, kədaw tafən annokumda ɓa ko wəsɗan ɓa. ","Yír yaa kəvə́ tuŋ, yaan vəŋ ɛn ya Yeesu daŋ ní yò bai ní, və́ dòru kəvə́ wàri pai, və́ mùu pu yag paivɛ. ","Dáà nɛ́ŋə̀ yaaì aí sunú, bít ɛ̀mà kə̀ Yéésù insánke aa naà síngə́, ìì kè'ù aí kàrə́ sí, bít ìì dɔ̀mə̀ nwɔŋ sí. ","Na ɓa ɗif a halaɗi siki aŋ ɗugliki gaini hitri hanɗa kai ɗa, ki yimiŋ siki kai, ki ɵiɓini wuti maa kai. ","Si quelqu'un vient à vous et n'apporte point cette doctrine, ne le recevez pas dans votre maison, et ne lui dites pas: Salut!","If there come any unto you, and bring not this doctrine, receive him not into your house, neither bid him God speed:","La sa co katgiya, may nam mar hatta kayn kalamɗi, nigi ma vum vo hay ziyna vigiɗi; nigi ma gum deɓɗi kaw, ","Nge môt éziñ a zu e be mia ve te bi nyeʼelan ôte e be émien, te nyoñane nye nda jenan, nge tame nye mbamba nsoone zañe jenan, ","Da mbur a so le ng'avu kumo, da a so di i dubun nah ta na, ki tiɓakaŋ a hay kumo ta, ko ngi jaŋ haŋ kwana, ki ngumam ta si.","To goɗɗo wari haa mooɗon e o waddanaay on ekkitinol Almasiihu, taa njaɓɓe mo haa ci'e  mooɗon, taa koofne mo sam. ","To goɗɗo wari haa mooɗon e o waddanaay on ekkitinol Almasiihu, taa njaɓɓe mo haa ci'e  mooɗon, taa koofne mo sam. ","Kà ŋma bíí tɛ́ tɛ‘nɛ́, n'aa bó nɛ̀ usamɔ'ɔ na, k’ɛ́nɛ́ zir a̧ tɛ̀ k’ɛ́nɛ́ na, k’ɛ́nɛ́ kpɛk a̧ na mbɛt. ","Kà ŋma bíí tɛ́ tɛ‘nɛ́, n'aa bó nɛ̀ usamɔ'ɔ na, k’ɛ́nɛ́ zir a̧ tɛ̀ k’ɛ́nɛ́ na, k’ɛ́nɛ́ kpɛk a̧ na mbɛt. ","Ma kese wəndə sha gheyɛ le kwete ghena ne, kemanevema ŋkɛ yɛ ki ghɛa ŋayɛ ma, njiŋwema ŋkɛ yɛ ma. ","Hayga jobo a we see äay diñ de hadge sen gaa no, ni nday yaçaçn wee liñni äay wa, heer wee jag ne hen wa lay. "
2JN.1.11,"ɓisuulɛ ŋwaànɛ à tògsii nyi, à teri gàɓ ɓi ɓìɓeɓtàg ɓii ɓi mɛkìkìì.","moo nán a vá""u̵ tée, kɔ́ ba'ad ɓı̵́d nán yȩ ka kɔ́ yȩ sú̵'ú̵ á̧ḿ.","Kpe énê nnyo á goré se enare é jóe na nne ntʉ́ghi nnyó, nâ fə́ne a chə̂m na yê ka obhí eyimím.",Mo yə ě ca'tə mo bɔ a pa' bɑwə nthamtə nə mfa' cwəpuŋ myə. ,"Ɓetí nò nyindɨ ŋgéé, du nɨ ɓe ŋgə́ kúu mwi̧ ndɨ̧̀ɨ̧́ ɓáŋhɨ́nne kɨ́ no á.","Ñwáè ce e ka' fa ye bo, baná a ñgaèñ a geèe bsaèrbuu anaè bsïìp.",Amu e nyò asug nyè abëlë ngab ai bëbe mimboan mie.,"Ndo man a ga na mbalai, a hümdè a skwi ambaɓi man a gia'a.","Ndaw ma tsar guma, ma ŋgəla mambay aha na, a dzəmam a tek aŋga na hana na me key haya kakay ana hay. ","Ee tsꞌaⁿ na mañequiaa na xmaⁿñê, matseijomñe ñequio natia na matseixmaaⁿ.","Yɔ anbɔ za̧a̧nɔ gi boog a seko hi zaaki sa̧a̧ɔ, ɔɔks hi gii a gi woos ha̧a̧l bɔ gedu.",Ɗəf məs dətaf wəsɗan pak nan asapək dəndən də wəza nan mbrayenəŋka.,"Yír ya mùu puro yagò ní, wi gá vəŋ tò̧ŋ ɛn dumpán bee pɛ́m.","Kàandə, màn aa dɔ̀mə̀ nwɔŋ də, wál mà' tù' vaksə́ bəd tə́ kə̀ oò tá.",Buri ni n’a ɵiɓini wut ɗa a tapa gaini war sdani na meefeŋ.,Car celui qui  lui  dit: Salut! participe à ses œuvres mauvaises.,For he that biddeth him God speed is partaker of his evil deeds.,kay sa ma gum deɓna ka tap hiɗi namu hay lopna valamu ma joona.,nyô a nyoñe ngabe mbia mimboone mié. ,"Asi mbur mijaŋ haŋ le na, kite a jumom le ati naŋ ar gwat ngi gi naŋ malambaˀ na.","Ngam to goɗɗo hoofni mo, o hawti bee maako nder halleende.","Ngam to goɗɗo hoofni mo, o hawti bee maako nder halleende.","Wi nɛ̀ kpɛka a̧, pi̧i̧ tɛ̀ tɛ̀ ɗaŋ tom kɔ̧-a̧‘i.","Wi nɛ̀ kpɛka a̧, pi̧i̧ tɛ̀ tɛ̀ ɗaŋ tom kɔ̧-a̧‘i.","Ma wəndə nya kenjiŋwakɛ ŋkɛ ne, jikə ŋkɛ le mbe wəsə kwa ndiremia ŋkɛ.",Werga je maga hee jag we ne hen go de tay jag de äe ti joñre äe ma de älaggen wo lay.
2JN.1.12,"Nsoò yɛ̀ɛ ǹtèghɛɛ ɓìɓan ɓi lɛ, nkaǹ mìni, ǹghɛɛ kìrɔɔ lɛ, kɛ̀ɛ nkàǹ mini ɓyɔ rì kìkànì ɓi rìfɛɓ, wɔ̀lɛ ǹɗì rì rìyitì ɗi lɛ mɛ̀ɛmiɗ ǹɗì lɛ n-yù a lɔ̀ŋkin, nkpaà mìni ɓyɔ rì ŋwɔm fɔɔnnɛ kìnyàà kis ki roǹ ki sosòɓ.","Mí dɨ kan hȩn tóó vu̵ ɓu̵u̵lı̵́ na'a, bi o̧d ví ú, a̧máa mí sɛ́n bi duu bíńda ví ú ní. Mí 'yɛ́ zó̧ó̧ moo laalı̵́ víílí, moo bi o̧d ví kan ya̧g míí nu, moo zó̧ó̧ baa ví a dȩ' sí̧' la gbug. ","Achot á ti mma kə́n n kí wom ń sə́ré ên, kən tîk ḿ bó wom ń séŋ fép ka nwet. Ń woma bəre ta ḿ bá ejen ágo, tîk e kúmi ochî na ochî e kúbhi na atem kən é fôn ekpatə́m ogyebhá-ḿbə́ŋé. ","Mnwə myə gɑ gɔ və bu a yɑwə jɔm tə'; ŋ tə gɔ və pɑ ŋwa'nyə bu pɑ, ŋ gɑ gɔ sɔ' wə po, yɔ o lɑ pɑ shwə a nə ghɔm bu a pɑ ŋwɛnyə ŋwɛnyə. ","Mɨ á ɓe nɨ́ɨ́b ví̧i̧ mɨ nyinna nyínè, ɨ́dù sàmàìn mɨ tɨín tɨnné ɗàà. Mɨ nɨ̀mɨr mɨ ɓa gɨ̀sònɨ nyí nyìnnàɓànɨ á, ɗà mɨ̀tù nɨ́mè sumíì a dùɓà yúklîn.","M túr buu goèr ce m ba sañ neè weèe. M be keèr sañ sañ ka', m ce kwaè'shi máná m be vúè yá weèe, laèa neè ya cuèu tá seèe bo lu'shi duè mïìsi. ","Mbol mëbëlë abui mam ya atil mina, mandzëki yi na matil mò a afëb ai nkos, dzam da mafidi na mayi sò abë mina, abog te bikòbò a anyu, mitoa, ma mëtoa, asu yë na mintag mian midzie. ","Ma ga a zhè kumba dai, aman i woy a i windè'a a Ƌèìèwèr a skwi mwindè ka ɓai, a i zhèrè te ndav, aman i slaha a i dè a sam kinè, a i gaƋa kinè a ma ga, a mwuffè nga a da gi a mbia'a. ","Guma ɗaw ma windukuraɓa haɗadzidzay daha, i wuɗey ma windadukuraɓa ta windey a ɗeriwel kakay, hərway i dzeley aha ma da daɓa a 'ay kwar ana, arka aza i da tsadakwar ta huɗa mey ɗaw ana, ma aza wuiya kwar ka key ɗuhwa ha dzay. ",Jndye ñꞌoom maniom na mañeꞌcatseina̱ⁿtya̱ya ñꞌeⁿndyoꞌ. Sa̱a̱ ticatseitiuuya na nncwilꞌueeꞌndyo̱ tsom canchiiꞌ ñequio ndaantom. Ee ntyjaaꞌya cwii tsꞌo̱o̱ⁿ na nncjo̱cando̱o̱ꞌa ꞌo na nlana̱a̱ⁿ ntyja̱a̱ nda̱a̱ya. Ndoꞌ ntyjiiya na tꞌmaⁿ nquioo na neiiⁿya xjeⁿ na nlꞌaaya na ljoꞌ.,"Anyɔ mi gin hin kittɔnɔ an mi bi̧i̧sin si̧, hā̧ā̧m an mi gɔn ɗɛɛrwoli hi hinbi̧i̧nik mɛkya gɛ. Mi dɔgrik an mi rek mi sɔ̧ɔ̧nɛ, mi boosin hin ya̧a̧ du hi ya̧a̧ du an hat wɛ gi tɔɔ gi daarlɛlɛ. ","Wən tay diiɗa məs nədaŋgla wənah sukum, amma nəŋgəl na əverin əmpa aka ɗerewel də iŋkile nan ɓa, amma əntatə ɗum nawmbat annokumda, məpel gən mam də mamə, vi məsam gən zam də neneke.","Ɛn ya ŋyá̧a̧ pə́və́ dónnì ní gùurɛ̀, ammá̧ ŋyá̧a̧n kúnnì pɛ́m dɛrwàl li pai. Ŋsábgəŋ ɛ́mnárì kəvə́ tuŋ kə ŋɛ̀m mùu pə́və́ vəŋ yagò, símá̧a̧r bənəní kə pùu wár zɛ. ","Mə́ tə́ kə̀ nwɔŋ naà zùúm, aí bə̀ baànmbìá, zá mə́ í' nwɔŋ aarə bádǹmbə̀ kə̀ núúboòd sé. Kàandə, mə́ zíg tɛ́m tə́ dáànmbə̀ aí kàrú, bít nwɔŋ gáàm dáàn pɛ́ɛ̀nmbə̀ kə̀ aíra, bɔ̀b tɛ́m làmkè bə́n oò kùm nyɛdkèá. ","Sla kai ɗa, wazagai viya aŋ mada, na mu ɗoŋ siki, mu firya mu ɗoŋ war kat kat gaini ankre kai, amma mu firya mu halaɗi mu ɗugliki, mu muɗumu miɗi marmu lai, kapai firyi na wiimu a va amai.","Quoique j'eusse beaucoup de choses à vous écrire, je n'ai pas voulu le faire avec le papier et l'encre; mais j'espère aller chez vous et vous entretenir de vive voix, afin que votre joie soit parfaite.","Having many things to write unto you, I would not write with paper and ink: but I trust to come unto you, and speak face to face, that our joy may be full.","Slen ŋolo ka kanu kay ɗo tigiya, may nan min ɗom hay ɗerweldaɗi, ɗom hiɗi aŋkrenɗi kaw  may nam min coys goy vigiya, lawgi hiɗi vunan noŋo, kay firita vaya fi hob kulo'o.","Me bili mam abui ya tili mia, ve me nji kômbô tili mia me a nkôs. Amu me too ndi na, ma ye zu e be mia a kobô mia a tyiñe jam, nalé avaʼa dangan da ye jaé ne lut. ","Y'ada ti ɓi haɗa ngi tuhukum di, amma yi wuɗ i tuhukum di ti tuh ar ɗerewol waɗ ti yam ngi hilseɓ ta. Asi i ra wuɗ ru ngi hay kumo, ɓa i ra ɓukum ti mi ɗu, ɓa i sa mumulom kuy kuy wãˀ.","Woodi kuuje ɗuuɗɗe ɗe ngiɗmi winndango on, ammaa mi yiɗaa winndugo ɗe dow ɗereewol. Mi ɗon tammo yahugo haa mooɗon e yeewtididgo bee mooɗon hunnduko bee hunnduko, ngam haa seyo hebbina ɓerɗe meeɗen.","Woodi kuuje ɗuuɗɗe ɗe ngiɗmi winndango on, ammaa mi yiɗaa winndugo ɗe dow ɗereewol. Mi ɗon tammo yahugo haa mooɗon e yeewtididgo bee mooɗon hunnduko bee hunnduko, ngam haa seyo hebbina ɓerɗe meeɗen.","Mi a̧a̧ nɛ̀ dɔka mɔ mɛ́ yɔr h’ɛ́nɛ́, ɓɛɛ mi kɔ̧́ mɛ́ yɔr zaŋ kalata nɛ̀ yí-mɔɔ-yɔr-mɔ na, wen mi kɔ̧ɔ̧ mɛ́ nɛ̀ɛ́ tɔ̧ wen in'nɛ̀ɛ́ nɛ̀ tɛ‘m, h’ɛ́ɛ́ mɛ kpa kpasa desee.","Mi a̧a̧ nɛ̀ dɔka mɔ mɛ́ yɔr h’ɛ́nɛ́, ɓɛɛ mi kɔ̧́ mɛ́ yɔr zaŋ kalata nɛ̀ yí-mɔɔ-yɔr-mɔ na, wen mi kɔ̧ɔ̧ mɛ́ nɛ̀ɛ́ tɔ̧ wen in'nɛ̀ɛ́ nɛ̀ tɛ‘m, h’ɛ́ɛ́ mɛ kpa kpasa desee.","Kwele kwele ghena va 'ya kageze ŋayɛ, ama kaɗe 'ya karafe ŋayɛ hɛ te palepa ba'a le yirə we. Kwa nza ŋkɛ ne, kazəzə lə 'ya sha gheyɛ kezha geze ŋayɛ le ghəa ɗa, yitea zlama ta ɓəmə viɗi.","Ndi yañ mbi de waçaçre ma tigriñ wo debañ ma yerge wo wee, ama ndi bay dage ga ndi yer ra wo wee äil kefder wa. AÀma ndi de ëiggi ga ndi wo ge yañ go ni äay ma fer waçaçre sen wee de jag äi, maga fruygi naan mo bag jag go ti ngeel äe keëed äuy. "
2JN.1.13,"Ɓɔn ɓɛ goni à giɓ anɛ à rì girig m̀ɓɔ̀nɛn, ɓɛ togsaghiì wɔ̀.","Dam nii ı̵́ Tayɨɨ ka yeewu̵ yȩ, waa woo vu̵ vá'am wu̵lı̵́ á̧ḿ.","To ó məŋe ntem-nne Krayis owa nnyo nne-nkáé ányo nnyo Obhasi a sáŋe, abhon abhê sê ń kúp wâ.",Po fɑ o mjwǐ yə a bɑ pu ci e a ca'tə o.,"Mwin yàá woò Mèín yi caɓwéeré, munɨ́b noò nyindɨsotɨ́ wu.","Boo nfúroè ce a ce naè, a caè'ni wáè.","Bòn bë manyòṅ , mkpëgë, basug wa.","Wudahi demam ngaya, nenga'a man Zhiklè a ngotskoƋauda, ta ga kinè mbalai.","Wawa ma Malam eɗek ana diŋgwas ana, ma gaɗəma na ka tsadukuraɓa guma.",Joo ntseinda nomnnꞌaⁿꞌ na mꞌaⁿ ñjaaⁿ na macwjiꞌ Tyꞌo̱o̱tsꞌom cwentaaⁿꞌaⁿ cwilaꞌcwanomna na xmaⁿndyuꞌ. Mantyja luaaꞌ ñꞌoom na matseiljeiya.,Siŋg mɔ bɔ Bɛt herige waatɔ wɔ hi boom du. Anbɔ.,"Kirtət məlmuk məs Maŋgəlva awel nakə, asɗokunko.","Dàamá̧a̧l ya Vannáb tìil vìr ní, varə́m əntò mùubúró. ","Kun kéèn ń aa Vɛnɛ́b sààvúŋà rə, kə̀ yɛb oò bəd tá, bə̀ dɔ̀m m yàá.","Aliɗi tawalku zi viri edi ɗa, e ɵuɓuku wuti.",Les enfants de ta sœur l'élue te saluent.,The children of thy elect sister greet thee. Amen.,Gurona vi ɓasukga ta vilekay-goyta ka gag deɓisa.,"E bone be monyañe wôé a ne ntobane Zambe, ba batane wo.","Sukum ɗik mongoso, Buymisemuŋ muwunaŋ na, ziri naŋhay a jukuw haŋ le ya.",Ɓikkoy deerɗiraawo ma cuɓaaɗo koofni ma.,Ɓikkoy deerɗiraawo ma cuɓaaɗo koofni ma.,O bem ko Boko-nya-mɛ nɛ̀ Sɔ̧ hoka'i fana mɛ́.,O bem ko Boko-nya-mɛ nɛ̀ Sɔ̧ hoka'i fana mɛ́.,Kanjiŋwe ŋa ŋwalea wəzha ta meyɛ ŋa nya ntave Shala.,Weere mani Maygeman äo maga Baa mañ go heer wo jag wo mo lay.
