livre.chapitre.verset,Francais,Anglais,BIBALDA_TA_PELDETTA,Bulu,Guiziga,Fulfulde_Adamaoua,Fulfulde_DC,KALATA_KO_SC_Gbaya,KALATA_KO_DC_Gbaya,Kapsiki_DC,Tupurri
NAM.1.1, Oracle sur Ninive. Livre de la Vision de Nahum d'Elqosch.,The burden of Nineveh. The book of the vision of Nahum the Elkoshite.,"Ɗerwelda kayni ka law kat Ninive. Kayni mi sle ma ɗekay kir sa ma jobta-Lawna ma yum Nahum, ma hay Elkosna.",Nkulane mejô asu Ninive. Kalate ñyenane mame Nahum môte ya Elkôs.,"Tila mi vur walahay Niniv. Misi ani na i mingiɓi, Buymisemuŋ minjika da Nahum, mbur Elkos.",Ɗo woni koŋngol dow Niniwe . Deftere nde'e ɗon anndina ko Nahum Elkosiijo yi'i.,Ɗo woni koŋngol dow Niniwe . Deftere nde'e ɗon anndina ko Nahum Elkosiijo yi'i.,Ŋga wen ko Sɔ̧ zu Ninivɛ nɛ mɔ'ɔ. Kalata’ɛ usi nɛ mɔ nɛ Nahum be Ɛlkos zɔka tɛ ŋgimbi'i.,Ŋga wen ko Sɔ̧ zu Ninivɛ nɛ mɔ'ɔ. Kalata’ɛ usi nɛ mɔ nɛ Nahum be Ɛlkos zɔka tɛ ŋgimbi'i.,"Ghena te ghəa Ninive. Palepa ta wəsə nya nakɛ Nahəwm, nde Ɛlkosh, laka kelɛŋə.",Poçoçre waçaçre ma ti Ninif no. Kefter naage nen mani Nahum je Elkos no.
NAM.1.2," C'est un Dieu jaloux et vengeur que Yahweh ; vengeur est Yahweh et connaissant le courroux ; Yahweh se venge de ses adversaires, et garde rancune à ses ennemis.","God is jealous, and the  Lord  revengeth; the  Lord  revengeth, and is furious; the  Lord  will take vengeance on his adversaries, and he reserveth wrath for his enemies.","Ma-vatɗina nam mi Lawn ma hunay ŋolo, nam job yalamu; Ma-Vatɗina job yalamu tam sa gaw kalamna, sa gaw kalamna nam ŋom lawta visi hay dikamu.","Nti a ne e Zambe a nʼaban, a kun émien; Nti a kun émien, a ne njalan a ayaa; Nti a kun émien e be besiñe bé, teke jamé be.","Bumbulvuŋ i Buymisemuŋ misi suloŋ, yo a pul cuwal ma. Bumbulvuŋ i mupula cuwal, himaˀ naŋ a gi zluwun. Mizli mazliram ti naŋ ta na, Bumbulvuŋ a pula cuwal naŋ ar taŋ, a zuɓ himaˀ fõh fõh ng'ar mesene naŋhaya.","Jawmiraawo o Allah kaajuɗo, o waatoto! Jawmiraawo waatoto, o keewɗo tikkere, o waatoto wanywanyɓe maako, o yejjitittaa aybe konne'en maako! ","Jawmiraawo o Allah kaajuɗo, o waatoto! Jawmiraawo waatoto, o keewɗo tikkere, o waatoto wanywanyɓe maako, o yejjitittaa aybe konne'en maako! ",GASA WAN de gɔya tɛ bíí dee; a̧ kifi er ɗaŋmɔ kifi. GASA WAN kifi er ɗaŋmɔ kifi; see-aa nyim ɗaŋ de na. GASA WAN kifi er ɗaŋmɔ kifi ha̧ o wi-kur-zu-a; a̧ e kiri ee in o wisɛn kɔ̧-a̧.,GASA WAN de gɔya tɛ bíí dee; a̧ kifi er ɗaŋmɔ kifi. GASA WAN kifi er ɗaŋmɔ kifi; see-aa nyim ɗaŋ de na. GASA WAN kifi er ɗaŋmɔ kifi ha̧ o wi-kur-zu-a; a̧ e kiri ee in o wisɛn kɔ̧-a̧.,"Nahe Mahwətə kenza kaShala nya kezlɛ ba'a nya kewa ghena. Nahe Mahwətə kenza kande wa ghena, nahe hwepe wənəa ŋkɛ kenza dzawe. Kawa ghena Mahwətə te ka ghema ta ŋkɛ, kahwepe nda wənə ŋkɛ ke ka jaga ta ŋkɛ.","Manwur diñ Baa ma de huni, aà sa' hee see äe go. Manwur sa' hee see äe go, aà go de ba äil de wañ. Manwur sa' hee see äe go de jar giñgi äen wo. AÀ ëaw jar hee äen wo äili."
NAM.1.3," Yahweh est patient et grand en force, et il n'accorde pas l'impunité. Yahweh marche dans la tempête et dans l'ouragan, et la nuée est la poussière de ses pieds.","The  Lord  is slow to anger, and great in power, and will not at all acquit the wicked: the  Lord  hath his way in the whirlwind and in the storm, and the clouds are the dust of his feet.","Ma-Vatɗina may muɗ ɦiy gosoyɗi, donota valam suwiya; nam as hin sa'a bay ka kitat kalamɗi. Ma-Vatɗina poy jar billa ma ŋolla, nam poy jar ɦiwliŋŋa; Ɗugulla mi butuw ma nam tun selem kalamna.","Nti a ne te jiʼa yaa, anene dé da so e ngule jé; a ne te jamé môt a bili mekua; Nti a lôt ôlende été a ôkôs été. Minkut mmie mi ne mbuluk ya mebo mé si.","Bumbulvuŋ anta ji mevel kutum ta gisiŋ, naŋ gidaŋ haɗa, amma mbur muzluɓ ɓi le na, Bumbulvuŋ anta pulaŋ mbaka si ta. Da ara cuh na, mbak musuwre ati burkataŋ, gazlavaya i lagwada ngi si sar naŋ.","Jawmiraawo o tikkataa law, ammaa semmbe maako ɗuuɗi, o accataa hiitaago aybuɗo sam! Laawol maako ɗon caka duluuru e naargewol, duule ngoni collaaje ɗe kosɗe maako umminta. ","Jawmiraawo o tikkataa law, ammaa semmbe maako ɗuuɗi, o accataa hiitaago aybuɗo sam! Laawol maako ɗon caka duluuru e naargewol, duule ngoni collaaje ɗe kosɗe maako umminta. ","GASA WAN de nyimsea nɛ haya-a na, ɓɛɛ mɔ kpɔk, ŋgai kɔ̧-a̧ bo nɛ mɔɔ-tɔ̧-na; a̧ e wi-de-ɗaŋmɔ gee na ndóndóndó. Fara-nɛɛ kɔ̧-a̧ nɛ ti kóró-ɓɔrɔ in búk-kórò; tura-zan nɛ kutumu̧i̧ naŋ-a.","GASA WAN de nyimsea nɛ haya-a na, ɓɛɛ mɔ kpɔk, ŋgai kɔ̧-a̧ bo nɛ mɔɔ-tɔ̧-na; a̧ e wi-de-ɗaŋmɔ gee na ndóndóndó. Fara-nɛɛ kɔ̧-a̧ nɛ ti kóró-ɓɔrɔ in búk-kórò; tura-zan nɛ kutumu̧i̧ naŋ-a.","Nahe Mahwətə kenza kande səwə ghena, nahe berete ta ŋkɛ kenza wəbake, ama kave nda ma fete Mahwətə ke nde beze ghena we. Ma vəa ŋkwa nya dzeghwa ŋkɛ ne, kavɛ sefə nya wəba berekə berekə. Nahe yɛ ləmbə kenza kakeləwə nya tələ seɗa ta ŋkɛ.",Manwur bay go caa jiili gus wa. AÀ kluu wer eegre äe no. AÀ men jobo bay liñgi gaè. Manwur see diñ nen siwil wo de degurleege. Swaare wo diñ äurgi ma äaale äe wo.
NAM.1.4," Il menace la mer et il la dessèche, et il fait tarir tous les fleuves. Basan et le Carmel sont flétris, flétrie est la végétation du Liban.","He rebuketh the sea, and maketh it dry, and drieth up all the rivers: Bashan languisheth, and Carmel, and the flower of Lebanon languisheth.","Nam as ɦiwir niy-lum ma ŋolla, som goyo, niy-lumna ma gurayn kaw nam as som goyo. Yam nagat Basan hiɗi yam hiɗiyt Karmel nam ɓom goy haɓi, ɓona vi slen ma hay Libaŋ yakay goy kafe,","A bamé mañ, me ve kôt, a vele asôé ese. Basañ a Karmel ba joʼolan. Sam ya Libañ fe ja joʼolan.","A mbura himaˀ da mubuliye, a hisik ngbatataŋ, a hisika yam ngi mizawaya cek. Ɓuh ngi Basaŋ ati Karmele, a vus ti vus, gwat tukuzo ngi ruwuy Libaŋhay a ɓutom.","O telɓanan mbeela e nga yooran, o ɓeeɓnan maaje fuu. Lesɗe Baasan e Karmel mbaatan, pinndi dow Libanon boo ɗaylan. ","O telɓanan mbeela e nga yooran, o ɓeeɓnan maaje fuu. Lesɗe Baasan e Karmel mbaatan, pinndi dow Libanon boo ɗaylan. ","Kà a̧ tɔ̧ wen nɛ nyimsea ha̧ gba-tɔp, ɓɛɛ gba-tɔp'i ɔ̧sa̧ ndaɗi ta̧i-ta̧i̧. Nɛ a̧ a̧ de ha̧ o nana-yì lɛŋ mɛ ɔ̧sa̧; nu Basaŋ in nu Karmɛl kora, ɓɛɛ o ɓɔɔ-te nu Libaŋ fe lɛsuu.","Kà a̧ tɔ̧ wen nɛ nyimsea ha̧ gba-tɔp, ɓɛɛ gba-tɔp'i ɔ̧sa̧ ndaɗi ta̧i-ta̧i̧. Nɛ a̧ a̧ de ha̧ o nana-yì lɛŋ mɛ ɔ̧sa̧; nu Basaŋ in nu Karmɛl kora, ɓɛɛ o ɓɔɔ-te nu Libaŋ fe lɛsuu.","Kaŋele ndərə ŋkɛ ba'a kahase ŋkɛ, kashifə pɛtɛa yɛ hələ ŋkɛ. Tagha gɛ, kaghwele gwəzə nyi mbe Bashan ba'a nyi dzeme hwa ghweme ta Karmɛl, katiwɛɗi ghwə ta wəfe nyi mbe Liban.",AÀ caa poçoç ne maaroge day se oçg go. AÀ oçg maarog ma de paçaçregen wo go äuy. Sir Basañ wo de huuli Karmel puu wo go. Fuëgi feçeçre ma Libañ lwaë wo go lay.
NAM.1.5," Les montagnes tremblent devant lui, et les collines se fondent ; la terre se soulève devant sa face, le monde et tous ceux qui l'habitent.","The mountains quake at him, and the hills melt, and the earth is burned at his presence, yea, the world, and all that dwell therein.","Hay li ma nam jika, hiɗiyn kaf geɗ vokomu, boŋoloŋŋa mun goyo, vokomu nagat wira, slen ma gaa kay nagatna kaf kaw.",A bo minkôle na mi fôʼôsan; a bone minkôle na mi nyemé si ja bulekan asu dé émo a bôte bese be too été.,"Muwãhay a jijikam a mbuŋ naŋ, li miɗingirey a luwuslam. Hirwuy a jijik a mihiri naŋ, duniya ati mizli ngi raˀahaya gar a jijikam.","Kooseeje ndiwnan daliila maako, towndiije ɓolwan. Lesdi dimmboto yeeso maako. Non boo duniyaaru e jooɗiiɓe nder maaru fuu. ","Kooseeje ndiwnan daliila maako, towndiije ɓolwan. Lesdi dimmboto yeeso maako. Non boo duniyaaru e jooɗiiɓe nder maaru fuu. ","O gasa kaya nak nak sɛn ti GASA WAN; o zu-tɔ̧́ yeli yeli, ɓɛɛ nu bin bin ti a̧ nɛ oi bíí in o mɔ nɛ ya sɛnɛ lɛŋ.","O gasa kaya nak nak sɛn ti GASA WAN; o zu-tɔ̧́ yeli yeli, ɓɛɛ nu bin bin ti a̧ nɛ oi bíí in o mɔ nɛ ya sɛnɛ lɛŋ.","Kagaŋkəɗə yɛ ghweme kwa kema ta ŋkɛ, kadase yɛ wəmbə. Kagaŋkəɗə hɛɗi kwa kema ta ŋkɛ, hɛɗi lema ba'a pɛtɛa wəshi nyi te.","AÀ fï¡ë huulin wo, ngeel ma de farge ciñn dwas wo go. Sir daë do äe, tamsir de jar ma äil äen wo äuy lay."
NAM.1.6," Devant sa fureur qui subsistera, qui tiendra contre l'ardeur de sa colère ? Son courroux se répand comme le feu, et les rochers se brisent devant lui.","Who can stand before his indignation? and who can abide in the fierceness of his anger? his fury is poured out like fire, and the rocks are thrown down by him.","Sa ma as col vok ɦiyda valamu mi gige? Sa ma as li nar kay ɦiyda vi Ma-Vatɗinɗi mi gige? ɦiyda valamu mer goyo ki kuta nala, hiɗiyn mun goy vokomu.",Za a ne jibi ayaa dé? A za a ne tebe ayôñ ayaa dé e ngame yat? ayaa dé da mialan ane nduan a bôé mekôk.,"Macici avu himaˀ naŋ gu i waka? Da naŋ miji mevel le na, maɓusa ɓi nah gu i waka? Ji mevele mufõh fõh na, a slikiɗ ka vu matiɓi giw giw, mandazlay muwãhaya a ndislam kpah kpah a mbuŋ naŋ.","Moy dartoto yeeso ɓernuki maako? Moy waawata dartanaago tikkere maako saatunde? Ɓernuki maako ɗon waanjo bana yiite, tapaaje ceeki yeeso maako. ","Moy dartoto yeeso ɓernuki maako? Moy waawata dartanaago tikkere maako saatunde? Ɓernuki maako ɗon waanjo bana yiite, tapaaje ceeki yeeso maako. ","Nɛ o'o tɛ yor ŋgimbi ŋga nyimsea kɔ̧-a̧ o? Nyimsea kɔ̧-a̧ kpɔra hee wee ga, ɓɛɛ kam-ta kifi geemɔ mbulɛɛ ti a̧.","Nɛ o'o tɛ yor ŋgimbi ŋga nyimsea kɔ̧-a̧ o? Nyimsea kɔ̧-a̧ kpɔra hee wee ga, ɓɛɛ kam-ta kifi geemɔ mbulɛɛ ti a̧.","Wa nde nza kasəwəte hwepe wənəa ŋkɛ wa? Wa nde nza kaghereŋe yitea ghweme vəa ŋkwa nya tse hwepe wənəa ŋkɛ wa? Kala tse ta ghwə nya wəba pesle geva ŋkɛ, kapeperawe yɛ gela kwa kema ta ŋkɛ.","Wose oo ge yañ pel caage jiili äen la? Wose dig gi bagge poçoç äe ma de haçaç yañ la? Äil de wañ äen do wuu nono, huuli wo dra' mbug wo go pel äe."
NAM.1.7," Yahweh est bon ; il est un refuge au jour de la détresse, et il connaît ceux qui se confient en lui.","The  Lord  is good, a strong hold in the day of trouble; and he knoweth them that trust in him.","Ma-Vatɗina nam ŋaa'a, hay li ma nay ka vun-zlata, nam as ŋayay talamu, sum sa vi kuɗumna nam wisiya.","Nti a ne mbamba môt, a ne vôme ya sobô e môse ya njuk; a baʼale ba ba ke sobô be nye, jaʼan éyoñe ntyôa ô ne ngu wo lôt.","Bumbulvuŋ naŋ mezleŋ, ar hin ngi bonoyo, i li ɗum ngi mburu. Mizli maɗumom ava na, a ki slimiɗ ar taŋ.","Jawmiraawo o booɗɗo, o hisrude nder nyalaade ɓillaare. O ɗon hakkilana tawɓe hisrude haa maako. ","Jawmiraawo o booɗɗo, o hisrude nder nyalaade ɓillaare. O ɗon hakkilana tawɓe hisrude haa maako. ","GASA WAN nɛ gba de-wi; a̧ nɛ fara-hu̧si-tɛ wese ŋga bɔnɛ. A̧ yor ɗoŋ o wi-e-ta nɛ a̧,","GASA WAN nɛ gba de-wi; a̧ nɛ fara-hu̧si-tɛ wese ŋga bɔnɛ. A̧ yor ɗoŋ o wi-e-ta nɛ a̧,","Nahe Mahwətə kenza ganyɛke, nahe ŋkɛ kenza kaŋkwa kewəfərə te vecia ndiremi. Kanewe ghweme ŋkɛ te mbeli nyi nza ŋkɛ kaŋkwa kewəfərə ta nci,",Manwur de ele. AÀ diñ ngeel yoñre ti wur ma de bonn wo. AÀ ëaw jar maga a wo yaçaç wañ see äe do.
NAM.1.8," Par un flot débordant il détruira entièrement  ce  lieu, et il poursuivra ses ennemis jusque dans les ténèbres.","But with an overrunning flood he will make an utter end of the place thereof, and darkness shall pursue his enemies.","May nam ma ɓulak hoyok-ziyn ŋolona goyo, hiɗi birina ma sulur niyn goyna, sa gawt kalamna nam ma gisi dirsi ta-ta hay jufunda.","Ve a ye jiane vôme nyôna ne meñ a mendim ya ndôn, a a ye tôñesane besiñe bé akekui dibi été.","Ko da mendere ara cuh kaɓa mekepel madiɗa kwana, a ki slimiɗ ar taŋ na si. Amma a hirya walahay avra,  a ɓula mesene naŋhaya sesẽŋ ng'ar li luvuŋ.","O hisnan ɓe e ilam mawɗam. Ammaa o nattinan nokkuure berniwol, o taasnan konne'en maako haa yotto nder nyiɓre.","O hisnan ɓe e ilam mawɗam. Ammaa o nattinan nokkuure berniwol, o taasnan konne'en maako haa yotto nder nyiɓre.","ɓɛɛ a̧ kpasa wa ŋgimbi ha̧a̧-yì. A̧ kum nɛ o wi-de-ŋgazu in a̧, ɓɛɛ a̧ ndaka o wisɛn kɔ̧-a̧ a ti tum mbɛt.","ɓɛɛ a̧ kpasa wa ŋgimbi ha̧a̧-yì. A̧ kum nɛ o wi-de-ŋgazu in a̧, ɓɛɛ a̧ ndaka o wisɛn kɔ̧-a̧ a ti tum mbɛt.",vəa ŋkwa nya se ndiremi kala ghwa. Ama kaza sebe ŋkɛ te ka ghema ta ŋkɛ ba'a kakeka hɛ ŋkɛ kadzembe ŋkwesle.,"Ama aà kañ ge bon ma de raw ti jar yañ wo ne jar ti, Day se älag ge ngeeln go has äuy tu. AÀ nii gi jar hee äen wo yañ, AÀ kañ ge glog äaara yañ wo go nen suñgu."
NAM.1.9, Quelles sont vos pensées sur Yahweh ? Il consommera la ruine ; la détresse ne surgira pas deux fois.,What do ye imagine against the  Lord ? he will make an utter end: affliction shall not rise up the second time.,Nigi var joo'o kay Ma-Vatɗin lo kay mige? Namu mi ma ɓulak slen goyo. Nay as kal vun-zlat sem ma' loɗi.,Mia bôndé feʼe ya bo Nti jé? Nye a jian ne meñ! Ôlun woo ye ke bo biyoñ bibaé.,"Ki gam gidiɓi mi ar Bumbulvuŋ ka? Mizli mazliram ti kum ta na, a ngizla taŋ pay, bonoy anta sa mo mata.",Ɗume nufoton dow Jawmiraawo? Kaŋko o nattinan on fuu. Walaa haaje sarru waɗa nde ɗiɗi. ,Ɗume nufoton dow Jawmiraawo? Kaŋko o nattinan on fuu. Walaa haaje sarru waɗa nde ɗiɗi. ,Nɛ ge ɗaŋ keta ge ɛ̀nɛ̀ ba zu GASA WAN’ɛ ge? A̧ tɛ yai o mɔɔ nɔ‘i lɛŋ a nu; ŋga bɔnɛ beka pii ɗoŋ war yiitoo ɓɔna.,Nɛ ge ɗaŋ keta ge ɛ̀nɛ̀ ba zu GASA WAN’ɛ ge? A̧ tɛ yai o mɔɔ nɔ‘i lɛŋ a nu; ŋga bɔnɛ beka pii ɗoŋ war yiitoo ɓɔna.,"Kande wa zhɛrete Mahwətə yɛ wa? Gheŋkɛ ne, kaza sebe ŋkɛ te ka ghema ta ŋayɛ, katezhɛne hɛ kasa ŋayɛ yaka we.",Nday ëig ree mayse de älagge ti Manwur mo la? Älag feçeçren wo go äuy na diñ se. Reen dog ge caa jar äog gaè.
NAM.1.10," Car, entrelacés comme des épines, et comme ivres de leur vin, ils seront consumés comme de la paille toute sèche.","For while they be folden together as thorns, and while they are drunken as drunkards, they shall be devoured as stubble fully dry.","La nisi slewi jar-tuwsi ki zigiyn nala kaw, la nisi hiwiri kay dolay ma nisi cumna kaw, kut ma ŋalsi goy noŋ kafe ki us ma soyn nala.","Toʼo be maneya tiñetan ane minsinik, toʼo be biliya a nyuane bilam, ba ye mane diʼi bese ane minkôte bilok.","Asi taŋ slilah slilah kaɓa sisim, yo taŋ muwam wãˀ ti mbaazla tuwa na, a sa zlizliraka taŋ pay kaɓa giziŋ muˀulo.","Koo to on laatake bana wumre gi'e naŋngindiranɗe, wuykiraaɓe njaramji muuɗum'en, on ngulan fuu bana huɗo yoorko. ","Koo to on laatake bana wumre gi'e naŋngindiranɗe, wuykiraaɓe njaramji muuɗum'en, on ngulan fuu bana huɗo yoorko. ","Koo wa yaa so kaɓali ŋmaa hee da̧a̧-tɛn ga, nɔ nɛ dɔ̧ɔ̧ kɔ-wa gbɛ nɛnɛ, wa tɛ bíí wee lɛŋ hee kora zɔ̧ ga.","Koo wa yaa so kaɓali ŋmaa hee da̧a̧-tɛn ga, nɔ nɛ dɔ̧ɔ̧ kɔ-wa gbɛ nɛnɛ, wa tɛ bíí wee lɛŋ hee kora zɔ̧ ga.","Nahe hɛ kenza kala gezlere nyi tendɛaŋe tendɛaŋe, ghenci nyi kesa wəshi kesa kala ka ghwəyi ghwəyi. Kateteremte geva hɛ hɛmɗɛke ɗɛke kala vegheme nyi keghwele ghwele.","A mo hayba do brem ma de hee do krigi noga wo go de taage de yii äaaran yaw, A roë ge wo yañ go façd äuy do fi ma de heeg nono."
NAM.1.11," De toi est sorti celui qui médite le mal contre Yahweh, celui qui forme des desseins criminels.","There is one come out of thee, that imagineth evil against the  Lord , a wicked counsellor.","Goy hay nak (Ninive) pa, sa ma ka hiɗi varta joota kali goyo, namu mi ma ka hiɗi varta ta ɦay-ɦayta.","Môt a nga bôndé feʼe ya bo Nti abé a nga so be wo, nyô a nga bili asimesane momo môt.","Hirwuy Niniv, mbur magi gidiɓi ar Bumbulvuŋ ngi gi malambaˀ na, a bo tivi ka, i mbur misi wuluk malambaˀa.","An Niniwe, haa maaɗa goɗɗo mo nufi kalluɗum dow Jawmiraawo iwi, anniyaaji maako kalli masin.","An Niniwe, haa maaɗa goɗɗo mo nufi kalluɗum dow Jawmiraawo iwi, anniyaaji maako kalli masin.","Ninivɛ, wi nɛ taa so mɛ de ɗaŋmɔ in GASA WAN gboo nɛ tɛ mɛ. A̧ duka so nɛ wi-ba-ɗaŋ keta nyɛmna.","Ninivɛ, wi nɛ taa so mɛ de ɗaŋmɔ in GASA WAN gboo nɛ tɛ mɛ. A̧ duka so nɛ wi-ba-ɗaŋ keta nyɛmna.","Ninive, mbe gha shave wəndə nya kezəzə wəsə kwa ndiremi te Mahwətə, wəndə nya kezəzə wəshi nyi ndiremi ndiremi kashasha.","Je maga hay ëig ree ma de älagge ti Manwuri, Day ëiggi ma debaycoçoçren hay wo le äil äe hay kal le go na ni äo."
NAM.1.12," Ainsi parte Yahweh : Bien qu'ils soient intacts et nombreux, ils seront moissonnés et disparaîtront. Je t'ai humiliée et je ne t'humilierai plus.","Thus saith the  Lord ; Though they be quiet, and likewise many, yet thus shall they be cut down, when he shall pass through. Though I have afflicted thee, I will afflict thee no more.","Ki kayn nala Ma-Vatɗin di'e: La sa gaw kigina ka ŋolo, dono misi kaw, feɗna ma co kisiya ta-ta nisi as hin loɗi, nan hotgi yigi gaa'a, hot yam gaa'a mara ma suw kayn may loɗi.","Avale di nde Nti a jô na: Nge be ne bese, toʼo be ne abui aya nge ngu, ba ye jañ, jôm teke liʼi. Akôsa bo me nga liti wo njuk maa ye ke beta liti wo wô.","Bumbulvuŋ a ɓi ani: «Ko da mesene kumoy a ndilaka le gucuˀo, yo taŋ haɗa tekeɗe kwana, a sa ngizlam pay na si, ɓi taŋ a sa kiɗ mi. Yi hunukum duba le wãˀ ti bonoy zleˀe, amma y'anta sa mahiri naŋ mata.","Ndaa nii Jawmiraawo ɗon wi'a: “Koo to ɓe ngardi ɓe fuu e no ɓe ɗuuɗɗiri fuu, ɓe kalkan, ɓe timman. Onon Yahuudu'en, mi toskini on, ammaa mi meetataa toskingo on. ","Ndaa nii Jawmiraawo ɗon wi'a: “Koo to ɓe ngardi ɓe fuu e no ɓe ɗuuɗɗiri fuu, ɓe kalkan, ɓe timman. Onon Yahuudu'en, mi toskini on, ammaa mi meetataa toskingo on. ","Wen nɛ GASA WAN tɔ̧ ha̧ o be Juda nɛ mɔ'ɔ: «Koo wa ŋgaia so nyɛmna, koo wa dɔka so nyɛmna mbɛt, wa tɛ kum gbuɗuk. Mi pi̧i̧ so buu zu'nɛ́, ɓɛɛ mi beka de hegɔ woyo ɓɔna.","Wen nɛ GASA WAN tɔ̧ ha̧ o be Juda nɛ mɔ'ɔ: «Koo wa ŋgaia so nyɛmna, koo wa dɔka so nyɛmna mbɛt, wa tɛ kum gbuɗuk. Mi pi̧i̧ so buu zu'nɛ́, ɓɛɛ mi beka de hegɔ woyo ɓɔna.","Wa nya ghena nya geze nda Mahwətə ke ka Zhəwda nya: «Ya ka jaga ta ŋayɛ nza kwele kwele ba'a kaka berete berete ne, katempə hɛ ba'a kateza sebe te hɛ. Ma nda kelemte zləvə 'ya te gheyɛ ne, kezha zhɛnema 'ya kakele zləvə te gheyɛ.","Mokay diñ waçaçre maga Manwur waçaçn mono: A mo hayba wo go de bag jag äuy noga wo ngaäa do mayse no yaw, AÈ sañ ge ra go day sen taw ge dosen no tu no. Ndi da mbuë fo äo go nen maga ndi mbuë gi fo äo de dañ sen wa so hase."
NAM.1.13," Et maintenant,  ô Juda,  je briserai son joug de dessus toi, et je romprai tes liens.","For now will I break his yoke from off thee, and will burst thy bonds in sunder.","Jak ma nekŋa ma nisi tunum kigina nan ma slum goyo, zigew ma nisi jungi hiɗi namna nan min butum goyo.","Eyoñe ji ma ye buʼu ébôñeté jé é vase be wo, a ma ye té mengataʼa môé.","Wurenna, i ra ngila galalaŋ naŋ mihirisl ar kum vuna, yo i ra pusukukum celelu kumoy avra.»","Jonta ngewanmi kaɓɓirgal maɓɓe, mi itta ngal dow daaɗe mooɗon, mi ta'an callalluuji mooɗon.”","Jonta ngewanmi kaɓɓirgal maɓɓe, mi itta ngal dow daaɗe mooɗon, mi ta'an callalluuji mooɗon.”","Kinii, mi tɛ ba kpáŋá ko Asirii ger'nɛ́ yinɛ, ɓɛɛ mi ŋmana nyak-zɔɓɔ kɔ-wa tɛ‘nɛ́ yinɛ mbɛt.»","Kinii, mi tɛ ba kpáŋá ko Asirii ger'nɛ́ yinɛ, ɓɛɛ mi ŋmana nyak-zɔɓɔ kɔ-wa tɛ‘nɛ́ yinɛ mbɛt.»","Ma tsetsenya ne, 'ya kaŋsle berete nya kesa ŋayɛ yaka ba'a kapele yɛ zewe lɛa ŋayɛ.»",Ndi hrag ge jug äen yañ go patala ma mañge äe go mo soole. Ndi hrag ge geyam ma de mbarge ne ndon wo yañ go.
NAM.1.14," Quant à toi, voici ce qu'a ordonné Yahweh : Il n'y aura plus de postérité de ton nom ; je détruirai de la maison de ton Dieu les images taillées et celles de fonte ; je prépare ton sépulcre, parce que tu as été léger.","And the  Lord  hath given a commandment concerning thee, that no more of thy name be sown: out of the house of thy gods will I cut off the graven image and the molten image: I will make thy grave; for thou art vile.","Humgi va ma Ma-Vatɗin dum kigina: Jafgiya ma semda vigi ma yi talamu bugolda ma li loɗi. Slen ma ceɗayna hiɗi slen ma yorayna, ma nigi lakam kalaf hay ziyna vi lawayna vigina, nan ma yawam goyo, nan min jugoɗ zulda ta pigi haya'ta, kay nigi muɗi hefteŋ ŋolo.","A Ninive, jame Nti a bendé ajô dôé nde di: Wo ye bo te beta bi mvoñe bôt é beʼe jôé dôé; ma ye vaa ngunemelan é ne nkpwelan a éveʼela é ne mboon a nyeman étyé e ndaa Zambe wôé; ma ye faʼa soñe jôé amu ô nji beta bo mfañe jôm.","Mizli Ninivey, Bumbulvuŋ ara ɓi ani ɗaˀ ɗaˀ vur kumo: «Kum anta lumam dideˀ kumoy ngi sa zila slimiɗ kumo mata. Kuli kumoy miciɗa ti ciɗ malla mipa ti pihey na, i sa susuyumo taŋ tir hay taŋhay avra. I ra la vigiɗ ngi dik kumo, asi kum i mizli mupuɗaway ta.»","An Niniwe, ndaa ko Jawmiraawo umri dow maaɗa: “Yeeso ɗo, a heɓataa danygol tabitinanŋgol innde maaɗa fahin. Mi nattinan suura cehaaka e suura njamndi ɓolinaandi nder suudu ɗowanteeɓe maaɗa. Mi taaskitinan yenaande ma, ngam a laati huunde meere.”","An Niniwe, ndaa ko Jawmiraawo umri dow maaɗa: “Yeeso ɗo, a heɓataa danygol tabitinanŋgol innde maaɗa fahin. Mi nattinan suura cehaaka e suura njamndi ɓolinaandi nder suudu ɗowanteeɓe maaɗa. Mi taaskitinan yenaande ma, ngam a laati huunde meere.”","Ninivɛ, war wen kɔ-mɛ nɛ GASA WAN tɔ̧ nɛ mɔ'ɔ: «O ŋma bezaŋ-mɛ nɛ tɛ gbar nin-mɛ siti, beka bo ɓɔna. Mi tɛ kai o sɔ̧ nɛ mɛ duia in o sɛka-mɔ nɛ ya kɔ̧ tua ko sɔ̧ kɔ-mɛ a taŋ; mi za̧ nɛ kɔ̧-fio kɔ-mɛ wen gba̧a̧ mɔ mɛ tɛ-mɛ bo na.»","Ninivɛ, war wen kɔ-mɛ nɛ GASA WAN tɔ̧ nɛ mɔ'ɔ: «O ŋma bezaŋ-mɛ nɛ tɛ gbar nin-mɛ siti, beka bo ɓɔna. Mi tɛ kai o sɔ̧ nɛ mɛ duia in o sɛka-mɔ nɛ ya kɔ̧ tua ko sɔ̧ kɔ-mɛ a taŋ; mi za̧ nɛ kɔ̧-fio kɔ-mɛ wen gba̧a̧ mɔ mɛ tɛ-mɛ bo na.»","Wa nya wəsə nya tarete Mahwətə te ghəa ŋayɛ, gheyɛ ka Ninive nya: «Katezhɛne ŋwale nyi ketekele sləa ŋayɛ kanza va gheyɛ we. Ma mbe ghɛa yɛ shala ta ŋayɛ ne, kateza sebe 'ya te shala nyi menete yɛ yitea sheghwə ba'a yitea mze. 'Ya kahi kwele ta ŋayɛ, kwa nza ŋkɛ zləvə te gheyɛ kwa ntsə ta ɗa we.»","Mokay diñ fen maga Manwur waçaçn le ti äo mono Ninifi: Jobo joñ ge ti wer mani äon ma ra ëu äo gaa so. Ndi hoo ge fodo wo de mo ma de yoorge ma äil tiñ baa äon wo yañ go. Ndi 'wuçy gi tu huli äon yañ go, werga ndo patala bay diñ mopo wa so."
NAM.2.1," Voici sur les montagnes les pieds d'un messager de bonnes nouvelles, qui annonce la paix. Célèbre tes fêtes, ô Juda, accomplis tes voeux ! Car il ne passera plus chez toi ; le méchant est entièrement détruit.","He that dasheth in pieces is come up before thy face: keep the munition, watch the way, make thy loins strong, fortify thy power mightily.","Humgiya nigi sumuna vi Yuda, sa ma min margi labara vi toyta selem ka ci gaa kay hiɗiyn rim-rim'. Nigi gurona vi Yuda, liwgi yuldeta vigiya, vulgi mi Lawna sle ma nigi di kay vulumta. Kay sum sa joona as jik kulo jargi loɗi, nisi kaf vatay goyo.","Mbeʼe mbañete a mate mbil e minkôle yôp, a kate mbamba foé ya mvoʼé : Jeme mebôʼô môé a Yuda, boʼok e mam ô nga tiñeti amu mbia môt ate a ye bo te beta lôte wo zañ, ngule jé é maneya ne meñ.","Mizli Zudahay, mbur ara kilo ti ɓi mezle ani kini ti hirnga muwãhay: ara til mi ti ɓi ngi zuy. Mizli Zudahay, gaka muguzlum kumoyo, yo gwat kum miɓaka ɗaˀ le da Buymisemuŋ na, gaka taŋ. Asi mbur misi cucuko, naŋ anta sa ci ng'asi ruwuy kumo mata. Gidaŋ naŋ a kiɗ mi le wãˀ.","Ndaa gooynoowo habaru salaaman ɗon dow kooseeje, ɗon wara. An Yahuuda, waɗ juulɗe ma, hebbin  togayeeje  ma. Ngam kalluɗo meetataa saalaago caka mooɗon, o nattidi .","Ndaa gooynoowo habaru salaaman ɗon dow kooseeje, ɗon wara. An Yahuuda, waɗ juulɗe ma, hebbin  togayeeje  ma. Ngam kalluɗo meetataa saalaago caka mooɗon, o nattidi .","Ɛ̀nɛ̀ zɔ́k betom nɛ ma yi nɛ zu kaya mɛ, tɔ̧ nɛ wen ga̧a̧mɔ ha̧ o bíí tɛnɛ‘i! O bíí Juda, ɛ̀nɛ̀ dé gbaŋa k’ɛ́nɛ́ so'i, ɛ̀nɛ̀ dé mɔ n’ɛnɛ ha̧a̧ so nú wen-aa, wen wi-ɗaŋ beka hɔ tɛ‘nɛ́ ɓɔna, a̧ tika kaɗi!","Ɛ̀nɛ̀ zɔ́k betom nɛ ma yi nɛ zu kaya mɛ, tɔ̧ nɛ wen ga̧a̧mɔ ha̧ o bíí tɛnɛ‘i! O bíí Juda, ɛ̀nɛ̀ dé gbaŋa k’ɛ́nɛ́ so'i, ɛ̀nɛ̀ dé mɔ n’ɛnɛ ha̧a̧ so nú wen-aa, wen wi-ɗaŋ beka hɔ tɛ‘nɛ́ ɓɔna, a̧ tika kaɗi!","Ka Zhəwda, wa nya wəndə nya kekele ghena mɛnɛfɛ ganyɛ nya kasawa pelɛ ghəa ghweme, ghena ta kwelɛŋe yazlape ŋkɛ. Mene mə yɛ gəsəkəa ŋayɛ, fə mə wəshi nyi meɗeyi nda yɛ ke Shala kase. Kwa nza ŋkɛ katezhɛne nde ndiremia mehele kaŋkeɗe seɗa ta ŋkɛ te hɛɗia ŋayɛ we, nahe sebe keza te berete ta ŋkɛ.","Ko wee äaale je maga le de age sii waçaçre ma de coçoçre Ga jam joñ we so le de rage ciñ ti huuli wo mo caw no. Nday jar Juda no, joñ wee mbay few äayn wo so, Bag wee jag haçge jag äayn wo go so! Werga je ma debaycoçoçren hee ge ni äay gaa so hase, AÈ go de tawge äe."
NAM.2.2," Un destructeur s'avance contre toi ; garde la forteresse, surveille le chemin, affermis tes reins, ramasse toute ta force !","For the  Lord  hath turned away the excellency of Jacob, as the excellency of Israel: for the emptiers have emptied them out, and marred their vine branches.","Sa ma gawta ka co'o kay durgiya, ŋomgi gulmunna ŋaa'a ŋolo. Lakgi hay hagat jigere, ŋiliɓgiɗi, yawgi ŋiraygi goyo.","Nyô a tyame minlam a zu wosane wo, baʼaleʼe ôleme viôé! Mombôʼô e zene yôp! Yemeteʼe angeteñ dôé, boʼo ayok a ngule jôé ése!","Hirwuy Niniv, sojehey ara zlukuw ngi kiɗa vu. Jigina li ɗik muguno ti mohol, wi vu a jiviɗeye, juw vu, cici zlak gidaŋ gidaŋ wãˀ.","An Niniwe, nattinoowo ɗon wara haɓugo bee maaɗa. Aynu suudu ma semmbiɗndu, aynu laabi ma, taada, semmbiɗiɗ booɗɗum! ","An Niniwe, nattinoowo ɗon wara haɓugo bee maaɗa. Aynu suudu ma semmbiɗndu, aynu laabi ma, taada, semmbiɗiɗ booɗɗum! ",GASA WAN tɛ ɗafi o bezaŋ  Israɛl  in nyak-dɔ̧ɔ̧ nɛ o wi-ɗaŋ-mɔ ɗaŋa so lɔkɔti lɔkɔti'i ha̧ mɛ ɓɔ woyo.,GASA WAN tɛ ɗafi o bezaŋ  Israɛl  in nyak-dɔ̧ɔ̧ nɛ o wi-ɗaŋ-mɔ ɗaŋa so lɔkɔti lɔkɔti'i ha̧ mɛ ɓɔ woyo.,"Ninive, wa nyi ka sewajɛ nyi kadzeme kaha ŋa mpa. Ka sewajɛ, nza mə dzeyi te zli, wəmbɛne mə ŋkwa nyi dzeyi kwa yɛ hweŋkwa, hi mə geva yitea mpa, jikə mə pɛtɛa berete ta ŋayɛ.","Ninife, je taw jarn le de urgi ma seege go mo ti! Oo go gor ti kor ma de eegre kiñkiñ no! Kañ nen äo wo go ti faagen wo ta' ta'a! Sa' äil äo, bag jag see äo go!"
NAM.2.3," Car Yahweh rétablit la gloire de Jacob, ainsi que la gloire d'Israël, parce que des pillards les ont pillés, et ont détruit leurs ceps.","The shield of his mighty men is made red, the valiant men are in scarlet: the chariots shall be with flaming torches in the day of his preparation, and the fir trees shall be terribly shaken.","Kay Ma-Vatɗina min hot gajijita vi Yakub, hiɗi gaŋeraŋa vi Israyel kulo'o, gulda-guldana visi ma sa gawt param goyna, nam min hotom kulo hay liyamu.","Amu Nti a beta telé étôtoʼo Yakob, avale fe ane duma Israél, amu besa biôm be nga sa be a mane tyiʼi mintyaé mindiʼi miap.","Asi Bumbulvuŋ ara mo ti dudok ngi dideˀ ngi Zakopoy a muŋ, haˀaw naŋ vuna i dudok ngi Israyeley na. Mivi vuhoy a hilaka taŋ gwataya le zleˀe, a hiryaka taŋ guva ngi gudubunoyo le zleˀe.","Ngam Jawmiraawo ɗon wartira maŋngu Yaakubu e ngu Isra'iila, koo nde hippooɓe mbili Isra'iila, nattini lice inabohi man.","Ngam Jawmiraawo ɗon wartira maŋngu Yaakubu e ngu Isra'iila, koo nde hippooɓe mbili Isra'iila, nattini lice inabohi man.","Ninivɛ, ŋma wi-ɗaŋ-mɔ a̧ tɛ pii tɛ‘nɛ́‘i; ɛ̀nɛ̀ á o wi-pɛm-mɔ nɛ zu garo, ɛ̀nɛ̀ kpé o yuwar, ɛ̀nɛ̀ hɛ́r tɛ‘nɛ́, ɓɛɛ ɛ̀nɛ̀ mɔ́i̧ o wi-biro k’ɛ́nɛ́ lɛŋ.","Ninivɛ, ŋma wi-ɗaŋ-mɔ a̧ tɛ pii tɛ‘nɛ́‘i; ɛ̀nɛ̀ á o wi-pɛm-mɔ nɛ zu garo, ɛ̀nɛ̀ kpé o yuwar, ɛ̀nɛ̀ hɛ́r tɛ‘nɛ́, ɓɛɛ ɛ̀nɛ̀ mɔ́i̧ o wi-biro k’ɛ́nɛ́ lɛŋ.","Nahe ka mefətekwə kefəmte wəshi yitea hwelefefia Zhakob. Nahe hɛ kebezemte yɛ dzeve ta rɛzɛŋe. Ndagwara zləvə yave nda Mahwətə ke Zhakob, kaganda ne, nahe ŋkɛ kenza kazləvəa Israyɛl.","Gahaçyla Manwur fer we le de togoëge mani Jakob no, Diñ togoëge mani Israyel pay tlalum äe maga jar frum jarn hay frumn wo go, Day brag wo jag do äen wo go mono."
NAM.2.4," Le bouclier de ses guerriers est teint en rouge, ses hommes d'armes sont vêtus d'écarlate ; dans le feu des aciers ses chars apparaissent, au jour où il prépare  la bataille,  et les lances s'agitent.","The chariots shall rage in the streets, they shall justle one against another in the broad ways: they shall seem like torches, they shall run like the lightnings.","Sumuna sa wi duur ŋolla marayta visi cori slaw keŋ', sa wi duura cuki hiɗi sligar purpella, keke-ma-duura co hiɗi kaway ma wileɗna, kayni hay buur ma nisi colom kay li duura, kawayna visi nisi wileɗem kulo pilik-pilik'.","Ebene ya mimbene mié é ne nduban évele; Bezimbi be beʼe mengômesan me ne nyôl angôô. Eyoñe bevagoñ ba bete nnoñ, bityé biab bia ngemban ane nduan, a mekoñ ma fôʼôsan.","Mbaray ngi soje gambara naŋhay i gagazahay ndezze, yo migi vurumoyo, a kam zana gagazahay wirik wirik. Da taŋ micinjaham le ngi kiɗa vu na, mota taŋ ngi vurumoyo, ɓiri taŋhaya gar a wucuɗam. Ziwitey a wusam jiwir jiwir.","Bawarɗe  honooɓe nattinoowo go mbooji. Semmbiɗɓe maako ɗon ɓorni limce boɗeeje. O ɗon darna mootaaji maako bana jame yiite jaynanɗe, ɓe ɗon ndimmbina labbe maɓɓe. ","Bawarɗe  honooɓe nattinoowo go mbooji. Semmbiɗɓe maako ɗon ɓorni limce boɗeeje. O ɗon darna mootaaji maako bana jame yiite jaynanɗe, ɓe ɗon ndimmbina labbe maɓɓe. ","Dap ŋgéé ko o ŋgaŋa-wi nɔ‘i nɛ gbɛ̧-a̧ lɛŋ; laa-biro kɔ-wa ɔ zóŋ-zóŋ, o boi keekee kɔ-wa zar zar bar-bar ŋgimbi-tik-biro, ɓɛɛ o sɛɛ kɔ-wa nak nak pit-pit.","Dap ŋgéé ko o ŋgaŋa-wi nɔ‘i nɛ gbɛ̧-a̧ lɛŋ; laa-biro kɔ-wa ɔ zóŋ-zóŋ, o boi keekee kɔ-wa zar zar bar-bar ŋgimbi-tik-biro, ɓɛɛ o sɛɛ kɔ-wa nak nak pit-pit.","Gelə nyi ghɛmɛa ghɛmɛa ya va ka sewajɛa nde ghema, lekwesa nyi ghɛmɛa ghɛmɛa ya kənəa hɛ. Ma te və nya nza hɛ ɗeke ɗeke kampa ne, kaslesla yɛ wəmata gədəwə kala tse ta ghwə, kagegeɓa yɛ megha.","Kroñ ma do blumri durgin wo de seçeçre, Jar ma de eegre jag jawn wo de hee oçoçbe ma seçeçre yiñ yiñ wo ti. Boore pus durgi äaaran bel wo wuu. Ti wur maga aà sraë wo go ma durgi mono, manjawren sag wo plië pliëi."
NAM.2.5," Dans les rues les chars s'élancent avec furie ; ils se précipitent sur les places. Leur aspect est celui des flammes, des éclairs qui courent.","He shall recount his worthies: they shall stumble in their walk; they shall make haste to the wall thereof, and the defence shall be prepared.","Keke-ma-duura jaŋ hay fulda, li koloyo kay gar liy ma duura, nisi ɗuw ŋray ca ki kuta ta wileɗ nala, nisi jaŋ koloyo ki wileta vi niyna nala.","Bevagoñ ba wulu minjoñ a ayoʼo ese, a vasane mevôm mevôm. Bia yené vʼane belambe, bi wuluʼu fʼavô ane feleves.","Mota ngi vurumoy a kilam a ɓuh taˀ dibiɗ lambaˀ, a dumbuslam vu ar li ngi lumahaya, mbur a ɓi ta na, i daliivu, a kilam teˀ, kuɗiɗi kaɓa vuŋ mawucuɗu.","Mootaaji pucci ɗon caamna dow laabi, ɗon njaawa haa babe koo toy. Nanndu maaji bana jame yiite, koo toy ɗi jaawɗi bana ma'e. ","Mootaaji pucci ɗon caamna dow laabi, ɗon njaawa haa babe koo toy. Nanndu maaji bana jame yiite, koo toy ɗi jaawɗi bana ma'e. ","O keekee gɛk nɛ zaŋbɛɛ tɛnɛ hakaka, gɔm nɛnɛ a bee-gara. Ka'i zɔk wa, ɓɛɛ ɛnɛ‘e nɛ leɓe-wee; wa kpaŋii nɛ mgbara mɔ hee pi̧i̧-kórò ga.","O keekee gɛk nɛ zaŋbɛɛ tɛnɛ hakaka, gɔm nɛnɛ a bee-gara. Ka'i zɔk wa, ɓɛɛ ɛnɛ‘e nɛ leɓe-wee; wa kpaŋii nɛ mgbara mɔ hee pi̧i̧-kórò ga.","Kahwɛ yɛ wəmata gədəwə kezha mpa dzeyi kwa yɛ hweŋkwa ba'a te yɛ ŋkwa kebeke. Nahe hɛ kenza kala ghwə te wəvəzə, nahe hɛ kenza wɛre wɛre kala slesla ta va.","Pus äaaran kañ wo le mbli' mbli' ti faagen wo, Cir wo ngeeln wo go äuy. AÀ wo ti' do dol maga wo de wuu jag nono. AÀ ëee wo deparday do sagge Baa nono."
NAM.2.6, Il se souvient de ses nobles ; eux trébuchent dans leur marche. Ils se précipitent vers les murs ; on se prépare à la défense.,"The gates of the rivers shall be opened, and the palace shall be dissolved.","Nam yi sumuna valam sa wi duura, may hay tu'da tuwsi visi bat-bat', nisi jaŋ koloyo tam gulmunna, koti tuwsi kay tel sa gawt goyo.","Njô bôte ya Ninive a loone biwôlô bezimbi bié ve ba zu ba kolé abak éyoñ ba wulu, ba ke mbi akaʼa ya tison a tebe mvus ében.","Buy Niniv a zila madiɗa ngi soje naŋ miwirwireye, amma a ram tangbaˀ tangbaˀ. A wusam vu kini ng'avu moholo, a ɗumom a duba gwat.","O ewnoto mawɓe honooɓe maako semmbiɗɓe, ammaa ɓe pergoto nder yahdu maɓɓe. Ɓe njaawan yahugo gal mahol berniwol, ɓe ndarni kuuje aynooje ton. ","O ewnoto mawɓe honooɓe maako semmbiɗɓe, ammaa ɓe pergoto nder yahdu maɓɓe. Ɓe njaawan yahugo gal mahol berniwol, ɓe ndarni kuuje aynooje ton. ","Wannu Asirii saa o yaa-ŋgo-biro kɔ‘i, ɓɛɛ tɛ-wa nak tɛ naŋanɔ kɔ-wa. O wi-gbin-biro kpánà nɔ si ká̧ garo, ɓɛɛ wa ɗafi mɔ kpe nɛ zu-wa.","Wannu Asirii saa o yaa-ŋgo-biro kɔ‘i, ɓɛɛ tɛ-wa nak tɛ naŋanɔ kɔ-wa. O wi-gbin-biro kpánà nɔ si ká̧ garo, ɓɛɛ wa ɗafi mɔ kpe nɛ zu-wa.","Kaheka mbeli nyi te ghəa ka sewajɛa ŋkɛ meghe nya mbe Ninive, ama kabete hɛ te hɛɗi mbe dzeghwa ta nci. Kadzeme zli ka jaga kahe kahe, kawəfərə hɛ wəmbəa ŋkwa.","Wañ Ninif de kañ ti ti jar äe ma de eegre jag jawn wo. Ama äaale äaara bañ ge go, aà far ge wo ciñ ma seege gaè. Jar heen hoo ge wo wo deparday ma woge ti jeñ kor no, Kañ ge wo gidigli nen äaara de äe."
NAM.2.7," Les portes des fleuves s'ouvrent, et le palais s'effondre.","And Huzzab shall be led away captive, she shall be brought up, and her maids shall lead her as with the voice of doves, tabering upon their breasts.","Dolay kayni vun niy-lumna ay mali goy mal', ziyn ma mulda ɦo gaa'a.","Mimbé ya ôsôé mi yombôya, a nda njô bôt é kuya si!","Miviŋ mitaˀ hiri nga mubuliye, i mingilahay le, mugum ngi buy ara mbizli.","Dammuɗe maaje ɗon maɓɓiti, laamorde ɗon yibba. ","Dammuɗe maaje ɗon maɓɓiti, laamorde ɗon yibba. ","O nu garo mɛ si ká̧ nana-yì gbina a nu, ɓɛɛ bele zar o bíí kɔ̧ kira ko wannu.","O nu garo mɛ si ká̧ nana-yì gbina a nu, ɓɛɛ bele zar o bíí kɔ̧ kira ko wannu.","Taghanyɛ ne, pa gelembe nyi laka yɛ hələ fefelaŋemte geva, pa ghɛa meghe ŋzlamte geva.","Jag faage maga nduë wo wo go jag maarog bul gi wo go, Tiñ mani wañn le' ge go."
NAM.2.8," C'en est fait, elle est mise à nu, elle est emmenée, et ses servantes poussent des gémissements, pareils aux plaintes des colombes ; elles se frappent la poitrine.","But Nineveh is of old like a pool of water: yet they shall flee away. Stand, stand, shall they cry; but none shall look back.","Kayni liyawa, dira' patawa goyo, nisi kalawa hiɗi na'a. Sa sunda sa haya'na tun caw tiy ki gukka nala, nisi slet ɓisi digsiya.","Eveʼela Zambe minga é ntele nsoé, be vaaya je. E binga ba baʼale je ba tat ane vôme bezum ba yôn; ôlune wob été, ba kute mo tôé.","Kuli ngwas miciɗa ti ciɗe, a zuɓaka le, a ram di le. Ngwas miji haŋ naŋhay matuwam kaɓa ɗiyuw dirgwaɗaya, a ram ti taŋ le, taŋ haŋ bac a didak a didak.","Ɓe ngurtini debbo laamiiɗo, ɓe dahi mo. Horɓe maako  ɗon mboya bana pooli, ɓe ɗon piya biɓɓe maɓɓe. ","Ɓe ngurtini debbo laamiiɗo, ɓe dahi mo. Horɓe maako  ɗon mboya bana pooli, ɓe ɗon piya biɓɓe maɓɓe. ","O wi-biro baa ɓóó-sɔ̧ kɔ-wa yaknɛ, gu nɛ o ko-ɗafi-sɔ̧́-a̧; o kóò nɔ‘i hi̧i̧ nɛ kɔ̧a̧, ku̧i̧ nɛ mɔ hee gbaku̧i ga, mbɛr nɛ yí-see.","O wi-biro baa ɓóó-sɔ̧ kɔ-wa yaknɛ, gu nɛ o ko-ɗafi-sɔ̧́-a̧; o kóò nɔ‘i hi̧i̧ nɛ kɔ̧a̧, ku̧i̧ nɛ mɔ hee gbaku̧i ga, mbɛr nɛ yí-see.","Laŋe ka ghema te pa ta shala nya kamale, pa hɛ keleghe ŋkɛ kadzete hɛɗia nci. Ntake mi nyi kese kanewe ghweme te kaghwəghwə kala yɛ ghwəɗəŋkwə. Ntake hɛ katsa hate va ndiremi nya te hɛ.","Ndo le' jag we go so! Ma de hayle go dlahn gwa' we go glog koëe. AÈ raw we de äe. Mayre tigliiri äe maga hay wo joñ peele ne hen car wo ro do glur wo nono, Lag wo do go jag jiili äaara."
NAM.2.9, Ninive est comme un bassin d'eau depuis son origine... Ils s'enfuient !... Arrêtez ! Arrêtez !... Pas un ne se retourne !,"Take ye the spoil of silver, take the spoil of gold: for there is none end of the store and glory out of all the pleasant furniture.","Jewe Ninive ay mi liyn ma niyn ma hayna vat noŋɗi. Duwgiya wulini nisi muni jaŋi yo. Lakgiya, lakgiya, may sa ma hot bugolom may loɗi.","Ninive, aso melu mvus, a nga funane fôndô mendim, éyoñe ji mese me nga mane kui atan! Tebaʼane mvoʼé , yemane ngu! Ve teke môt a fombô mvus!","Ninive, naŋ zlezle hã wurenna kaɓa kisa madiɗa misi ti yam peɗe peɗe anga. Amma ara kilam le. A ɓaka taŋ: «Cicam! Cicam zlak gidaŋ gidaŋ!» Amma ko mbur mambuɗo hiri nga dirba anta.","Ɓooyma berniwol Niniwe nanndino bee weendu heewndu ndiyamji. Ammaa ndaa yimɓe ɗon ndogga diga maagol! Ndare, ndare! Ammaa walaa mo yeesititto. ","Ɓooyma berniwol Niniwe nanndino bee weendu heewndu ndiyamji. Ammaa ndaa yimɓe ɗon ndogga diga maagol! Ndare, ndare! Ammaa walaa mo yeesititto. ","Ninivɛ hɔɔ so ŋmaa in ŋma gba-zu, ɓɛɛ kinii yi gbina gbazu'i yak. Wi sa wa mɛ yor, ɓɛɛ wa yor na! Ŋma bíí kifi tɛ pii ɗoŋ na.","Ninivɛ hɔɔ so ŋmaa in ŋma gba-zu, ɓɛɛ kinii yi gbina gbazu'i yak. Wi sa wa mɛ yor, ɓɛɛ wa yor na! Ŋma bíí kifi tɛ pii ɗoŋ na.","Nahe Ninive kenza kala weta nya kendətsə. «Ghereŋe mə, ghereŋe mə», ke mbeli sha lewela ne, ama wəndə shɛ kazhɛre geva hwa mbeli nyi kehwɛ we.",Ninif hay äa do man tu bii wo nono. Ko jar ma äil äen wo go ti ëeere mo ti' no! AÈ wii ra wo gana: Lag wee ëa! Lag wee ëa! Ama jobo bay mbuë nen le wa hase.
NAM.2.10," Pillez l'argent, pillez l'or ! Car il n'y a pas de fin à ses richesses, à l'amas de tous ses objets précieux.","She is empty, and void, and waste: and the heart melteth, and the knees smite together, and much pain is in all loins, and the faces of them all gather blackness.","Vurumgi gurjuta, vurumgi ora, farayn ka hobay ta'! Farayn kuɗ jafam kaf ka hay nagat na'ta.","Wôlaʼane argent, Wôlaʼane or, bi ne bidi bi biôm bi ne tekʼamané, avise ya mevale me biôm mese me nʼédima!","Hilaka ɓiri bara, yo hilaka ɓiri tapasl tapasla slar slar, asi zlili ngi raˀa anta kiɗ mi ta, gwat mupuɗaw puɗaway, mbaf mbaf a huroˀo.",Kooce cardi! Kooce kaŋŋeeri! Woodi ndesaaje ɗe timmataa sam e kuuje ɗuuɗɗe feere feere marɗe saman. ,Kooce cardi! Kooce kaŋŋeeri! Woodi ndesaaje ɗe timmataa sam e kuuje ɗuuɗɗe feere feere marɗe saman. ,"Ɛ̀nɛ̀ tútúrí bu-mbɔi in o lɔr; dɔka mbɔi saaye’ɛ nɛ ari, bo nɛ mɔɔ kaɗi kaɗi na!","Ɛ̀nɛ̀ tútúrí bu-mbɔi in o lɔr; dɔka mbɔi saaye’ɛ nɛ ari, bo nɛ mɔɔ kaɗi kaɗi na!","Fə mə mze kwa tere tere, fə mə mze kwa tɛawetɛa! Kakiɗi mcɛlə nyi mbe Ninive we, mama ta wəshi ganji ya mbe.","Frum wee solay so! Frum wee boo biñni! Horog wo de wer feçeçre ma de ëu ma nges jarn wo mbaara ni deñ, AÀ taw wo go gaa hase!"
NAM.2.11," Vidée, pillée, mise à sec ! Les coeurs défaillent, les genoux tremblent ; tous les reins sont dans l'angoisse, tous les visages sont livides.","Where is the dwelling of the lions, and the feedingplace of the young lions, where the lion, even the old lion, walked, and the lion's whelp, and none made them afraid?","Vurumgi slena, togi slen goyo, ŋalgi slen goy kaw. Diksi muɗi visi bat-bat', sesi visi bat-bat'; zoksi muɗi ɓassiya, Irsi zoɓi gaa'a kaw.","Biôme bise bi ne mfitan, nteʼane si, ntyaʼan, ngule nlem ja man. meboñ ma nyiʼibi menyôl ma fôʼôban, a mesu ma bo éyôé.","A vaka gwataya le, a tiɓaka taŋ le, a hiryaka taŋ le. Gidaŋ ara kiɗ mi, poprokoy ara gam guluɓ guluɓ, dumvu taŋ gar ara jijiki, tuwuy a hiri kiliw kiliw.","Koo ɗume fuu yaaɓaama e jaɓtaama e wonnaama koo toy! Ɓerɗe yimɓe ta'i, koppi maɓɓe ɗon ndiwno, keeci maɓɓe fuu ɗon tampi, geese maɓɓe fuu ɗon nyiɓɓi.","Koo ɗume fuu yaaɓaama e jaɓtaama e wonnaama koo toy! Ɓerɗe yimɓe ta'i, koppi maɓɓe ɗon ndiwno, keeci maɓɓe fuu ɗon tampi, geese maɓɓe fuu ɗon nyiɓɓi.","Ninivɛ yaia kasa-kasa kifi geemɔ! Ɗɛɗɛ bíí gɔn gɔn, ɓɛɛ tɛ-wa nak nak tututu! Kíì hɛra zaŋ-wa, ɓɛɛ yí-wa fɛŋ kpalili.","Ninivɛ yaia kasa-kasa kifi geemɔ! Ɗɛɗɛ bíí gɔn gɔn, ɓɛɛ tɛ-wa nak nak tututu! Kíì hɛra zaŋ-wa, ɓɛɛ yí-wa fɛŋ kpalili.","Nahe pɛtɛa wəshi kefəhwe geva, kempəmte geva ba'a keŋkeɗemte geva. Nahe mbeli kenza keyirə yirə, kampempa geva yɛ seɗa, kabare bare pɛtɛa geva ta nci ba'a kanza kema ta nci tɛarawe rawe.","AÈ 'war ti'i, älag ka'a, mbug ka'a! Jiili jar dañ wo ra go äuy, äaale jar bay wo deñge wa so! Sag jar wo go de ceerage äuy! Nen jar go ti bii ta'ta' äuy lay!"
NAM.2.12,". Où est-il, le repaire des lions, qui était un lieu de pâture pour les jeunes lions ; où se retiraient le lion, la lionne et le lionceau, sans que personne les effrayât ?","The lion did tear in pieces enough for his whelps, and strangled for his lionesses, and filled his holes with prey, and his dens with ravin.","Juru namna ma zlon ŋay kuɗumna muɗ wulin kayn muɗtige? Liyn namna ma jewe guro-zlon ti haya, zlon ŋay haya, gurona vi zlon kaw ŋay haya, sa ma co kay geɗem may noŋɗi!","Abôʼa bengbwengbwem e ne vé? Bitoñ bengbwengbwem bi nga boʼo bi koʼone bidi biabe valé éyoñe nnôme ngbwengbwem a mbe a kele nsôm, minlem mi bon mi nji tyebe yôb a môt éziñ.","Kuɓuŋ ngi moboroy tuwa naŋ maka? Ziri moboroy a humbuɗaka useˀ taŋ anga zleˀe. Da mobor aru le nga ji useˀ na, ko mbur maga zluwun da ziri naŋhay anta.","Toy ɗowirde barooɗe e nokkuure haa ɓiɓɓe maaje nyaamata? To mbarooga dilli tefoygo nyaamdu, walaa mo ɓillata ɓiɓɓe maaga. ","Toy ɗowirde barooɗe e nokkuure haa ɓiɓɓe maaje nyaamata? To mbarooga dilli tefoygo nyaamdu, walaa mo ɓillata ɓiɓɓe maaga. ","Di̧i̧-dila nɛ o be dila nyɔŋ so mɔ sɛnɛ a̧a̧ bɔɔ dee? Ŋgimbi nɛ bao-dila yar so yaknɛ, nana-a duk kɔ‘i oi-aa in o be-a, ŋma mɔ pi̧ kíì tɛ-wa na.","Di̧i̧-dila nɛ o be dila nyɔŋ so mɔ sɛnɛ a̧a̧ bɔɔ dee? Ŋgimbi nɛ bao-dila yar so yaknɛ, nana-a duk kɔ‘i oi-aa in o be-a, ŋma mɔ pi̧ kíì tɛ-wa na.","Kawa zhɛrenyɛ ghweɓea nivɛrə gɛ wa? Nahe ŋwalea nivɛrə kese kaŋ'we wəshi kezeme ta nci te. Ma vəa ŋkwa nya dzemte pəli nivɛrə ne, wəndə shɛ kakwaɗakɛ ŋwalea ŋkɛ we.","Mayse joñ ngeel iggi mingir sen wo la? Ngeel reege weere mingir se maga blo mingiri, Man mingir wo de weel mingir hay wo rañge ni, Day jobo ma duërage hay bay wa has mono, ngeel sen gen yaw la?"
NAM.2.13," Le lion ravissait ce qu'il fallait à ses petits, il étranglait pour ses lionnes, il remplissait de proie ses cavernes, et ses antres de dépouilles.","Behold, I am against thee, saith the  Lord  of hosts, and I will burn her chariots in the smoke, and the sword shall devour thy young lions: and I will cut off thy prey from the earth, and the voice of thy messengers shall no more be heard.","Liyn ma jewe zlon vi muuriyan haya, jetem goyo, vul mi slo tan-cata hiɗi guro-zlona, nam hob zulla valam goy cep-cep' hiɗi sliw muuriyan ma nam vumna.","Nnôme ngbwengbwem a mbe a lamesaʼan mfaʼa ya ve bone bé bidi, a mbe a wôék asu beyale bé; a mbe a jaléʼé mefub mé a betit a bi, a mebôʼa mé a mimbaane betit.","Mobor a puwa useˀ, a vula da ziri naŋhaya, a ɓuto useˀ da madiya moboroyo, a naha kuɓuŋ naŋhaya mbaf ti useˀhey, naŋ mija taŋ ti ji, a naha li hin naŋ mbaf ti useˀ mupuwa.","Mbarooga faɗɗi, seeki kuuje ladde ngam mbarookoy maaga e ngam barooɗe maaga debbe, hebbini lowol mum bee keɓal, joonde mum boo bee kusel kuuje paɗɗaaɗe. ","Mbarooga faɗɗi, seeki kuuje ladde ngam mbarookoy maaga e ngam barooɗe maaga debbe, hebbini lowol mum bee keɓal, joonde mum boo bee kusel kuuje paɗɗaaɗe. ","Bao-dila duka so gbɛ nɛ saɗi, ɓir nɛnɛ ha̧ o nana-a in o be-a. A̧ kaia so o kpoo-saɗi dun di̧i̧ kɔ̧-a̧.","Bao-dila duka so gbɛ nɛ saɗi, ɓir nɛnɛ ha̧ o nana-a in o be-a. A̧ kaia so o kpoo-saɗi dun di̧i̧ kɔ̧-a̧.",Nahe ŋeza nivɛrə kese kakese ba'a kaslekwe nda wəshi keseɗa ke ŋemalea nivɛrə ba'a ke ŋwalea nivɛrə. Nahe ŋkɛ kese kampɛafe yɛ ghweɓea ŋkɛ le sli nyi keslekwe slekwe ta wəshi keseɗa nyi keseke ŋkɛ.,"Ndo blo mingir maga bag nayre le ne weere äon wo, Ndo hrag soole jar le ne maare mingir äon wo day ndo hay go bag tu äon wo go de nay, Bag ngeel iggi äon wo go de har wo mono,"
NAM.2.14," Me voici contre toi ! – oracle de Yahweh des armées ; je vais réduire tes chars en fumée ; l'épée dévorera tes jeunes lions ; j'arracherai du pays ta proie, et l'on n'entendra plus la voix de tes messagers.",__Error__,"Ma-Vatɗina vi vok-ma-duura di'e: Nan coowa kigiya, keke-ma-duura vigiya nan min ŋalam goyo. Kew-gaferaŋa ma cal guro-zlona vigi goyo, muur ma nigi vumna nan ma yawam goyo hay nagata, Sumuna vigi sa di sunda, ma muɗ ɗawn sa humsi delsi loɗi.","Me ne wo ngame yat. Nalé Nti a ne ngul ése a jô! Yaa, ma ye bo bevagoñe bôé ve ôtita ôtita. Nkpwaté mekôn wo ye mine bitoñe bengbwengbweme biôé. Ma ye telé ñwôlane biôme wôé e si nyô, a ba ye bo te beta wôʼô tyiñe ya minlômane miôé.","Bumbulvuŋ misi gidaŋ wãˀ a ɓi ani: «Ninivey, y'ani i ra zlir dibiɗ ti kum! Haˀaw, i sa wura mota ngi vurum kumoyo, hã a tiram cunju sẽwwe. I sa kiɗa gawla kumoy misi ka ziri moboroyo ti maslalam. Gwat kum matuɓoko taŋ ti gidaŋ na, i sa kiɗa mi taŋ asi ruwuyo, yo mizli anta sa cinam ˀay ngi mijiviɗ kumoyo mata.»",Jawmiraawo honooɓe asama wi'i: “Mi ɗon monni ma. Mi wulan mootaaji pucci konu ma haa cuurɗe ummo. Kaafahi nyaaman mbarookoy maaɗa. Mi nattinan keɓal ma haa lesdi. Daaɗe nelaaɓe ma meetataa naneego.”,Jawmiraawo honooɓe asama wi'i: “Mi ɗon monni ma. Mi wulan mootaaji pucci konu ma haa cuurɗe ummo. Kaafahi nyaaman mbarookoy maaɗa. Mi nattinan keɓal ma haa lesdi. Daaɗe nelaaɓe ma meetataa naneego.”,"«Ɓɛɛ kinii, mi hɔɔ kaɗi! Mɛ̀ bá zu-mɛ! Mɛ nɛ mi GASA WAN nɛ a̧a̧ nɛ ŋgayamɔ lɛŋ a̧ tɔ̧ wen’ɛ. Mi tɛ dɔ o keekee-biro kɔ-mɛ a nu gbuɗuk; gba-paa tɛ kum o bem kɔ-mɛ lɛŋ. Ndaa zuzu kɔ-mɛ gɔna; bíí beka zii ger o betom kɔ-mɛ ɓɔna.»","«Ɓɛɛ kinii, mi hɔɔ kaɗi! Mɛ̀ bá zu-mɛ! Mɛ nɛ mi GASA WAN nɛ a̧a̧ nɛ ŋgayamɔ lɛŋ a̧ tɔ̧ wen’ɛ. Mi tɛ dɔ o keekee-biro kɔ-mɛ a nu gbuɗuk; gba-paa tɛ kum o bem kɔ-mɛ lɛŋ. Ndaa zuzu kɔ-mɛ gɔna; bíí beka zii ger o betom kɔ-mɛ ɓɔna.»","Ma ke Mahwətə nde berete gezete: «Ninive, katesate 'ya te ŋkwa yitea gha, katetere yɛ wəmata kempa ta ŋa 'ya hɛmɗɛke, Katempə mempɛhwetɛtia ŋa nyi kala ŋwalea nivɛrə kwamte mpa. Katefɛa ŋwasle ŋkwa ta ŋa 'ya te hɛɗi, katezhɛne mbeli kafa mɛa ka ghwene ta ŋa we.»","Ndi yañ wo yam ndo, Manwur Pantway waçaç dosen nono! Cug ndar yañ go de pus durgi äon wo, Day moslam kafge nen weere mingir äon wo yañ go. Ndi hoo ge nayre äo maga ndo hay bag ra wo yañ le go äil sir äon do. Jobo laa ge geçeçge jar soole äon wo gaa so hase."
NAM.3.1," Malheur à la ville de sang, toute pleine de fraude, de violence, et qui ne cesse pas ses rapines !",Woe to the bloody city! it is all full of lies and robbery; the prey departeth not;,"Joot kay hoyok-ziyn ma ɦok busuwn goyna, hobay hob' hiɗi sinda, hobay hiɗi ɦawlata kaw, sa gar kay vurum sumun dok-dokŋa.","Bidim a tison ja kuli metyi, nyô é ne njalan a wup a bikôʼôs, nyô é ne njalan a ñwôlane bôte biôm a nji jeñe biôme ya bi.","Walahay mindeŋ ndeŋ ti mikiɗa hirnga, mindeŋ ndeŋ ti migi gilaw da mizli, misi moˀore, yo ko naŋ anta pula tiɓi gwat ti gidaŋ mbak le ta. Kay, naŋ ar bonoy!","Bone laatanto berniwol dufanŋgol ƴiiƴam, keewŋgol fewre e toonyaare, tum jaɓtol ɗon! ","Bone laatanto berniwol dufanŋgol ƴiiƴam, keewŋgol fewre e toonyaare, tum jaɓtol ɗon! ",Fom a̧a̧ zu ye nɛ de ha̧ tɔk tɛ bíí mɛ a nu! O bíí ye'i nyɔŋ nɛ yí-bíí zu̧ nɛ mɔ; tom-dee kɔ-wa ɓɔnsɛnɛ nɛ ɓara mɔ er bíí.,Fom a̧a̧ zu ye nɛ de ha̧ tɔk tɛ bíí mɛ a nu! O bíí ye'i nyɔŋ nɛ yí-bíí zu̧ nɛ mɔ; tom-dee kɔ-wa ɓɔnsɛnɛ nɛ ɓara mɔ er bíí.,"Wa nya ndiremi te Ninive, meleme nya kempə ŋkwa, nya kemene mbəɗəkwə, nya kemene ghəa ŋkɛ laka mene berete ba'a nya kefɛama yitea ŋwasle ŋkwa gɛ!",Faëge go ti äi leege maga id jar go day kag ci jar go lay mono! Ti äi leege maga go de ba äil de gete' wo de hun mono! Ëiggi äe tum ti frumgi jar go!
NAM.3.2," On  entend  le bruit du fouet, le bruit du fracas des roues, le galop des chevaux, les chariots qui bondissent !","The noise of a whip, and the noise of the rattling of the wheels, and of the pransing horses, and of the jumping chariots.","Nisi ka wat sumun hiɗi libetna, Sumun kaf ka hum hiɗi humsiya, suwana vi sem kekena, jaŋŋa vi kulumayna, jaŋŋa vi keke-ma-duura,","Eduñe nkasa a éduñe minka; bikabela bia yôô, bevagoñ ba sembe.","Hurum ngi laway macin a diga, hurum ngi sar ngi motahay ati ngi pilisey, waɗ ngi mota ngi vurumoy makukuroko taŋ ti gidaŋ ara cino paɗ a diga.","Hoolo ɓoccol e hoolo kosɗe mootaaji ɗon ton, non boo caamŋgal pucci e mootaaji tultanɗi, ","Hoolo ɓoccol e hoolo kosɗe mootaaji ɗon ton, non boo caamŋgal pucci e mootaaji tultanɗi, ","Ɛ̀nɛ̀ zíí nyɔŋa-a nɛ nyasi nyɔŋ! Ɛ̀nɛ̀ zíí giti kɔna ŋmaa nɛ naŋ keekee kɔn nɛnɛ! O nyaŋa nɛ̀ maa yi, o keekee nɛ̀ ndɔra-a,","Ɛ̀nɛ̀ zíí nyɔŋa-a nɛ nyasi nyɔŋ! Ɛ̀nɛ̀ zíí giti kɔna ŋmaa nɛ naŋ keekee kɔn nɛnɛ! O nyaŋa nɛ̀ maa yi, o keekee nɛ̀ ndɔra-a,","Ma mbe melemea shɛ ne, kakwaɗe yɛ ghweɗa, kagaka yɛ seɗa ta wəmata gədəwə, kampereke gədəwəa lɛmə ba'a kahwɛ yɛ wəmata kempa.",Ro mbreñ wo de ro äaale pus durgi wo le mo deñ samge no! Piirin per wo ciñ! Pusn yoor wo ciñ!
NAM.3.3," Cavaliers qui s'élancent, épée flamboyante, lance fulgurante ! Multitude de blessés, masse de morts, des cadavres à l'infini... On trébuche sur leurs cadavres.","The horseman lifteth up both the bright sword and the glittering spear: and there is a multitude of slain, and a great number of carcases; and there is none end of their corpses; they stumble upon their corpses:","kulumayn dok-dok ganiya, kew-gaferaŋ wileɗa, kaway-ma-duur ka tigeɗa. Sumun ŋolo ka hiɗi milla, sa muɗi ŋumna nisi ŋolo. Sa mitina sa as ŋaɓsiɗi. Sumun ka tupa kulo kay sa mitin tiŋ-tiŋ'.","Bikabela bia kui bita, nkpwaté mekôn wo ngemban, akoñ da kuli minkôkô mié; ézuʼu bôt é maneya balé meveñ! Mimbim mi ngunu si! Mimbim tekʼalañé! Bôt ba ke ba kolé mimbim!","Misi pilisey ara bam le ng'ar vurum, maslalam walak walak, ziwit mawucuɗu. Mumucahay a slufam ta, vagay ngi mizli ara mbi zikitiŋ, ko anta tiki ta. Vagay ngi mizli ara ba sar da mizli toŋ toŋ.","samnooɓe ummake e kaafaaje jaynanɗe e labbe ɗelkanɗe, naawnaaɓe ɗuuɗɓe, maayɓe ɗuuɗɓe ɓe ngalaa limgal, koo toy goɗɗo fergoto maayɓe. ","samnooɓe ummake e kaafaaje jaynanɗe e labbe ɗelkanɗe, naawnaaɓe ɗuuɗɓe, maayɓe ɗuuɗɓe ɓe ngalaa limgal, koo toy goɗɗo fergoto maayɓe. ","o wi-ŋgan-nyaŋa nɛ̀ ŋgana-a, gba-paa nɛ̀ pi̧a̧-a̧ lai-lai, sɛɛ nɛ̀ toka-a zar-zar, baa da̧i̧ a̧ ba'i, fea-a a̧ fe'i, bo nɛ mɔɔ tɔr na; wi i̧si̧ nɛ wɔr yak nɛnɛ.","o wi-ŋgan-nyaŋa nɛ̀ ŋgana-a, gba-paa nɛ̀ pi̧a̧-a̧ lai-lai, sɛɛ nɛ̀ toka-a zar-zar, baa da̧i̧ a̧ ba'i, fea-a a̧ fe'i, bo nɛ mɔɔ tɔr na; wi i̧si̧ nɛ wɔr yak nɛnɛ.","Kagwəgwə ka zleɗe gədəwəa lɛmə, kaslesla yɛ kafayɛ, katsa ghwə yɛ megha. Ka mpə mpə ya te yayata ŋkwa, nahe ka mpə mpə kenza təɗəmə təɗəmə, kaɓelate hɛ mbeli we, katsetsa ŋkwa ka mpə mpə kala tehene.",Jar piirin sam wo puçuçri we le yaw! Moslam car wuu jage! Manjaw sag plië pliëi! Coo jar maga da' wo waçaçge bay wa! Huli cor ëib ëibi! Coo huli bay wa! AÈ far ne huli ti giäliñ giäliñ!
NAM.3.4,"  C'est  à cause des nombreuses prostitutions de la prostituée, pleine d'attraits, habile aux enchantements, qui vendait les nations par ses prostitutions, et les peuples par ses enchantements.","Because of the multitude of the whoredoms of the wellfavoured harlot, the mistress of witchcrafts, that selleth nations through her whoredoms, and families through her witchcrafts.","Kay mige na' ta viyuwta li tuwa' viyuw ŋol suwa, hobay hiɗi nemda, hiɗi gul-yalda va'a, na'a ta gus jaf-sumun goyo hiɗi viyuwta va'a. Na'a ta gus jaf-sumun kaf goyo hiɗi gul-yalda va'a.","Amu abui mejian me minga ébamba, njalan a bijañ, ntebʼôsu mame me ngbwee, a nga kuane meyoñ me bôt a mejiane mé, a kuane fe meyoñ me bôt a ngbwele jé.","Hirwuy Niniv, ki sulome, ki migi madama haɗa, ki tikina mizli ti kuy ɗik mazli ta wãˀ na, sukwi ngi mizli, ki gi taŋ beke le ti sulome ɗik na, yo mizli, ki gi taŋ beke le ti cucuk ɗike.","Ɗum waɗi daliila kuuɗe daakaareeku ɗuuɗɗe ɗe daakaareejo oo  huuwi. O ɗon esta bee ŋarol maako, o hiilaajo mawɗo. Bee daakaareeku maako e hiilaaji maako, o macciɗini ummaatooje e jama'aaje.","Ɗum waɗi daliila kuuɗe daakaareeku ɗuuɗɗe ɗe daakaareejo oo  huuwi. O ɗon esta bee ŋarol maako, o hiilaajo mawɗo. Bee daakaareeku maako e hiilaaji maako, o macciɗini ummaatooje e jama'aaje.","Ɛ̀nɛ̀ zɔ́k mɔɔ-oi-ɗaŋmɔ ko kó-de-mɔ nɛ mbɔɗɔnu, nɛ ɔr so o tugun bíí nɛ saŋa-yí, nɛ e so bíí tɛ bara tɛ dee mɔɔ-dàlà kɔ‘i, nɛ de so mɔɔ-kifi kai nɛ o bíí nɛ bara’ɛ.","Ɛ̀nɛ̀ zɔ́k mɔɔ-oi-ɗaŋmɔ ko kó-de-mɔ nɛ mbɔɗɔnu, nɛ ɔr so o tugun bíí nɛ saŋa-yí, nɛ e so bíí tɛ bara tɛ dee mɔɔ-dàlà kɔ‘i, nɛ de so mɔɔ-kifi kai nɛ o bíí nɛ bara’ɛ.",Kwele kwele zhigə menete mefətekwə Ninive. Kendeɗe nda ba'a keganyɛ nda se nde. Nahe mefətekwəa nta ba'a mene ghwɛa nta kezhɛrete mbeli ba'a hwelefefi kaka mavashi.,Sen na wer figliw ma de raw wuu mani waçy figliw Maga jaçë jar le de wore äen wo de hila äen wo mono. AÀ hay yeeë wer jar wo go de figliw äe ma de raw wuu no. Wer hila äen wo se yeeë nen jar po wo go ti äï¡ï¡ni äaara ta' äuy.
NAM.3.5," Me voici contre toi ! – oracle de Yahweh des armées ; je vais relever les pans de ta  robe  jusque sur ton visage, je montrerai aux nations ta nudité, et ta honte aux royaumes.","Behold, I am against thee, saith the  Lord  of hosts; and I will discover thy skirts upon thy face, and I will shew the nations thy nakedness, and the kingdoms thy shame.","Wulin kayn nan coowa kagu, din mi Ma-Vatɗina vi vok-ma-duura, sligar ma cuki tagŋa nan ma kulotom goyo, nan min ɗek nalata vag goy kir sumun noŋ kaf, zulota vagu nan min ala muliyan kaf ma wa' goy wi'.","Me ne wo ngame yat, nalé Nti ya minsamba mewosan a jô, ma ye ves éziñgi jôé a beté wo je asu, ma ye liti meyoñ e soé jôé, a ôsone viôé e be bijôé ya si nyô.","Vurˀe, ya Bumbulvuŋ misi gidaŋ wãˀa, i ɓuw na: y'ani i ra lumuw akẽh. I sa kursuw zip ɗike kuras kuras, sesẽŋ a midibiɗ, ɓa i buguw gulndiŋ kine a mbuŋ sukwi mekelemey, yo ɓa i biga pi mesem ɗik na a mbuŋ zumabuy ngir duniya gar.","Jawmiraawo honooɓe asama wi'i: “Mi ɗon monni ma. Mi ɓaŋgtan gawarle limce ma dow yeeso ma, mi hollan ummaatooje temmbuki ma e mi hollan laamuuji fuu ko semtinte. ","Jawmiraawo honooɓe asama wi'i: “Mi ɗon monni ma. Mi ɓaŋgtan gawarle limce ma dow yeeso ma, mi hollan ummaatooje temmbuki ma e mi hollan laamuuji fuu ko semtinte. ","Mi hɔɔ mɛ ba zu duk nɛ mɛ kaɗi! Mɛ nɛ mi GASA WAN nɛ a̧a̧ nɛ ŋgayamɔ lɛŋ a̧ tɔ̧ wen’ɛ, mi tɛ kpɔ̧i̧ mɔ tɛ-mɛ a nu e mɛ nɛ sɔŋgɔɗɔ ha̧ o tugun bíí mɛ zɔk zim tɛ-mɛ. Búù tɛ ba mɛ ti wa.","Mi hɔɔ mɛ ba zu duk nɛ mɛ kaɗi! Mɛ nɛ mi GASA WAN nɛ a̧a̧ nɛ ŋgayamɔ lɛŋ a̧ tɔ̧ wen’ɛ, mi tɛ kpɔ̧i̧ mɔ tɛ-mɛ a nu e mɛ nɛ sɔŋgɔɗɔ ha̧ o tugun bíí mɛ zɔk zim tɛ-mɛ. Búù tɛ ba mɛ ti wa.","Ma ke Mahwətə nde berete gezete: «'Ya katesate te ŋkwa yitea gha. 'Ya katekwefaŋe rewebea ŋa kasame pa kwa kema ta ŋa, kezha ncɛ nda zeweve ta ŋa ke hwelefefi. Tagha gɛ, katenewe hawe nya te gha hɛ.","Ndi wo de woge mo ti, Manwur Pantway waçaç dosen nono. Ndi hoo ge jag rob äon yañ go ciñ mo were. Ndi kañ ge nen wer jar wo äuy yañ go ti glog koë äo no, Kañ ge nen wañre yañ wo go ti ngeel soçoçre äo no."
NAM.3.6," Je jetterai sur toi des ordures et je t'avilirai, et je te donnerai en spectacle.","And I will cast abominable filth upon thee, and make thee vile, and will set thee as a gazingstock.","Nan min ko tugosn kagu, nan min muɗag ɦay-ɦaya, nan muɗag goy va ma liw hiɗi namu,","Ma ye kute wo mbuan asu, ma ye vaa abeñe dôé, a ma ye bo wo jôme bôt ba beme mis.","I sa tukuw li a hirnga, ɓa ngi puw mesem, gwat ɓa mizli a puraka na, i sa biga avu ka.","Mi rufan mbuuwri dow maaɗa, mi bustinte, mi laatinte huunde laareteende meere. ","Mi rufan mbuuwri dow maaɗa, mi bustinte, mi laatinte huunde laareteende meere. ",Mi tɛ e bùk ndaa mɛ; mi tɛ fɛŋ mɛ ha̧ bíí mɛ zɛkɛɗi mɛ.,Mi tɛ e bùk ndaa mɛ; mi tɛ fɛŋ mɛ ha̧ bíí mɛ zɛkɛɗi mɛ.,'Ya katebete kəsə kənəa gha kezha pəli ŋa hawe. 'Ya kateve ŋa kawəsə keyipə pa.,Ndi laa ge jaçaçre yañ go mo ti. Ndi gefaf ge ndo yañ go day ndi kol ge mo yañ go diñ fen ko nene.
NAM.3.7," Quiconque te verra, fuira loin de toi, et dira : "" Ninive est détruite ! "" Qui la plaindra ? Où te chercherai-je des consolateurs ?","And it shall come to pass, that all they that look upon thee shall flee from thee, and say, Nineveh is laid waste: who will bemoan her? whence shall I seek comforters for thee?","nala la sa wagu, nam ma jaŋ vokagu, ma di ala: Ninive muɗi mi liyn ma vurumu, sa ma yorag mi gige? Sum sa teŋag iragu nan fisi ɗawn arige?","Nalé ate môt ase a ye yene wo a ye tub a ke wo ôyap, a jô na: Ninive a ntoo bilik. Za a ye ko nye éngôngo? Mvolane nlem wo ye so nye vé?","Dar mbur gar mupuruw le na, a sa kil bal ti widi, a ɓi: «Ninive, i mingizla le pay, masa puraŋ ircece neˀ le i wa aruŋ ma ska? Ɓa ki taˀa tuwuyo na, i sa lumuw mbur, ɓa a tukunuw na ama ma ska?»","Nden koo moy yi'i ma doggan daayiiɗum bee ma, o wi'an: Berniwol Niniwe halki! Moy yurminta ngol? Toy keɓanmi de'itinooɓe ngol?”","Nden koo moy yi'i ma doggan daayiiɗum bee ma, o wi'an: Berniwol Niniwe halki! Moy yurminta ngol? Toy keɓanmi de'itinooɓe ngol?”","Koo o nde nɛ tɛ zɔk mɛ tɛ zik ɗoŋ e ha̧ mɛ, ɓɛɛ tɔ̧a̧: «Ninivɛ ɗaŋa hús-hús wo! O'o tɛ de ko ha̧ a̧ o? Wi tɛ kpa wi-ga̧-see-aa dee?»","Koo o nde nɛ tɛ zɔk mɛ tɛ zik ɗoŋ e ha̧ mɛ, ɓɛɛ tɔ̧a̧: «Ninivɛ ɗaŋa hús-hús wo! O'o tɛ de ko ha̧ a̧ o? Wi tɛ kpa wi-ga̧-see-aa dee?»","Tagha gɛ, katehwɛ mbeli pɛtɛ nyi ketenewe ŋa, ma ke hɛ sha tetsa lewela: Ŋgwəpə Ninive keŋzla nda gɛ wa! Wa nde tezhɛ heli yite tse wa? Tema teŋ'we ka gweɗakwe ŋa mbeli tse wa?»","Do kay nono, wosela maga nen äe ko ge ndo we mo äuy, Yaaç ge yañ de ëee do äo de ngar jag gana: AÈ frum Ninif we go. Wose lawn ge ba la? Ndi wo ba le kië jar jaçaç nen äon wo le na gen la?"
NAM.3.8," Vaux-tu mieux que No-Amon, qui était assise sur les fleuves, que les eaux environnaient, qui avait la mer pour rempart, et dont la mer était la muraille?","Art thou better than populous No, that was situate among the rivers, that had the waters round about it, whose rampart was the sea, and her wall was from the sea?","Nak (Ninive) jifiy suw No-Amon su? Na'a ta ka goy jar liyn ma gi niyn goyna, ŋuyi kalaf jar niyna, gulmun ma ŋuyi ta'na mi niy-lumna ma ŋolla, niy-lumna ma ŋolla mi gulmunna va'a.","A Ninive, ye wo dañe Tebés, tison é ne nlôñan e zañ asôé, mbômaʼane a mendim? Nkaʼalé wé ô mbe mañ, mañ me too fe mfine wé.","Hirwuy Tebes a pi a mi mihaŋ ngi Nil, yam gun hirnga naŋ zlar, ar deɗe ngi moholo i mubuliy, mubuliy madiɗa, na ka Ninive, ki wakaɓa ka zuwen fineˀ Tebes vuna sukwani?","An Niniwe, a tammi a ɓuri No-Amon  wooɗugo na? Berniwol ngo'ol jooɗino caka ilduɗe, ndiyamji taarino ngol, maayo maŋngo laatino cukkol maagol, ndiyamji ayni ngol. ","An Niniwe, a tammi a ɓuri No-Amon  wooɗugo na? Berniwol ngo'ol jooɗino caka ilduɗe, ndiyamji taarino ngol, maayo maŋngo laatino cukkol maagol, ndiyamji ayni ngol. ","Ɛnɛ ŋgaia so gan Tɛb nɛ duka so nɛ ye-ŋgárá ká̧ zaŋ nana-yì Nil mɛ? Yi zika so ye'i e see-a, ɓɛɛ gba-tɔp kpe ɗoŋ-aa lɛŋ hee ŋgárá ga.","Ɛnɛ ŋgaia so gan Tɛb nɛ duka so nɛ ye-ŋgárá ká̧ zaŋ nana-yì Nil mɛ? Yi zika so ye'i e see-a, ɓɛɛ gba-tɔp kpe ɗoŋ-aa lɛŋ hee ŋgárá ga.","Ninive, gha nza za ma ke Tɛbɛs, meleme nya kwelɛ yɛ dzeve ta hələa Nil, nya ntəslə kwa yɛmə, nya nza zli nya yite kandərə, nya nza ndərə kazli nya yite na?","Ndo ba ëawa de dañ äi leege No-Amoñ maga hay de laage ti holañ jag do Niln wo, Day go de cir ti de bii wo cweçeç mo yawla? Laä ma ti äen hay diñ maaroge, maarog hay de äo' kor ne hen ti."
NAM.3.9," L'Ethiopie était sa force, ainsi que l'Egypte, et ils étaient innombrables ; Phut et les Libyens étaient tes auxiliaires.","Ethiopia and Egypt were her strength, and it was infinite; Put and Libya were thy helpers.","Etiopiya jewe donota va' may vatɗi, ki Egipte nala kaw, sum sa hay Put hiɗi Libiya kaf ay juni kuɗsiya.","Etiôpi é nga bili ngul é ne te nné, nalé fe Ejipte. Bôte ya But a ba ya Libi be mbe bôt mia be be mi nga bo élat.","Hirwuy Etiyopi ati Ezipte, i gidaŋ naŋ wãˀ zleˀe, ko maakway naŋ anta. Hirwuy Put ati Libi, taŋ tisi ka.",Etiyopiya e Misra ngonno semmbe maagol ɗe ngalaa keerol. Yimɓe Put e Libiya ngonno wallooɓe ngol. ,Etiyopiya e Misra ngonno semmbe maagol ɗe ngalaa keerol. Yimɓe Put e Libiya ngonno wallooɓe ngol. ,"Tɛb kpaa so ŋgai wen zu Etiopii in Egiptɛ; o bíí Put in Libii duka so mɛ yor ɗoŋ-aa mbɛt. Hegɔ, nduti kpaamɔ kɔ̧-a̧ bo na.","Tɛb kpaa so ŋgai wen zu Etiopii in Egiptɛ; o bíí Put in Libii duka so mɛ yor ɗoŋ-aa mbɛt. Hegɔ, nduti kpaamɔ kɔ̧-a̧ bo na.",Ɛtiyopi ba'a Ɛzhipte ka se kafə nda wəshi nyi keɗema kakiɗi. Ka Pəwt ba'a ka Libi ka se kambeli nyi yite.,"Sir Etiyopi hay de eegre debañ, Ejipte dosen no lay. Sir Pud wo de jar Libi hay wo diñ progre äe wo."
NAM.3.10," Pourtant, elle est allée en exil, elle a été captive ; ses petits enfants aussi ont été écrasés, à l'angle de toutes les rues ; on a jeté le sort sur ses nobles, et tous ses grands ont été chargés de chaînes.","Yet was she carried away, she went into captivity: her young children also were dashed in pieces at the top of all the streets: and they cast lots for her honourable men, and all her great men were bound in chains.","May hiɗi kayni kaf nisi kali goy gorvo'o, Sumun yawsiya, gurona visi sa vuɗi wulina, jiwesli gaa sem sumun hay hayana kafe, sa ŋulona visiya sumun ɓurawsi jarsiya, muliyana visiya sumun cisi jaɓn sesiya.","Ve da nye fe a keya mekaban, a nga ke a too nkôm; minkeñelé mi bone mié fe mi nga koʼoban e fefele minjoñ mise. Be nga kabane benya bôtô bé a mboon asimba , e beta be bôte bé be mbe ntiñetane bengôkop.","Amma naŋ vuna kwana, a jaka mizli naŋhaya le nga ruwuy mulak. A ngizlaka ziri gaza naŋhaya le a mazlaka jiviɗey gar. A gam ceregezleŋ ar mizli naŋ ngi mbuŋhoyo, a juwaka mizli madiɗa naŋhaya le kaˀ kaˀ ti celelu.","Ammaa jooɗiiɓe maagol ndahaama, konne'en ndirɓi ɓikkoy maagol haa kawtirɗe laabi fuu. Ɓe mbaɗi kur'u dow tedduɓe maagol, ɓe kaɓɓi mawɓe maagol fuu bee callalluuji. ","Ammaa jooɗiiɓe maagol ndahaama, konne'en ndirɓi ɓikkoy maagol haa kawtirɗe laabi fuu. Ɓe mbaɗi kur'u dow tedduɓe maagol, ɓe kaɓɓi mawɓe maagol fuu bee callalluuji. ","Nɛ mɔ'ɔ nɛ o ŋma ŋga bíí kaia wa yaknɛ nɛ oi ŋgai kɔ-wa'i. Wa kuma o zɔɗi bem ko o bíí Tɛb nɛ sasa-war nɛnɛ; wa hɛra o gasawi kɔ-wa nɛ nyak-zɔɓɔ, ɓɛɛ wa gbɛ wa nɛ mbaɗi.","Nɛ mɔ'ɔ nɛ o ŋma ŋga bíí kaia wa yaknɛ nɛ oi ŋgai kɔ-wa'i. Wa kuma o zɔɗi bem ko o bíí Tɛb nɛ sasa-war nɛnɛ; wa hɛra o gasawi kɔ-wa nɛ nyak-zɔɓɔ, ɓɛɛ wa gbɛ wa nɛ mbaɗi.","Ndagwara nahe mbeli kegha kafəhwe mbeli nyi mbe Tɛbɛs perə. Nahe ka ghema ta ŋkɛ keŋkeɗemte ŋwalea fəshia ŋkɛ dzeyi kwa yɛ baŋwa ta hweŋkwa. Nahe mbeli kenehehwe mbeli nyi te ghə nyi mbe le kwasheghediɗi, nahe mbeli ketseyi mbelia jama nyi mbe dzeyi kwa yɛ zewe lɛ.","Ama de sen äuy aè hoo jar sir äen wo wo go ti sir po, AÈ hoo ra wo go ti dañgay. AÈ ndreë weere äe ma ti paçaçn wo go äuy ti jeñ faage wo äuy. AÈ naa waçywaale go ti jar waçaç ree äen wo, AÈ bañ jar kluuri äen wo de rece' wo."
NAM.3.11," Toi aussi, tu seras enivrée et tu disparaîtras ; toi aussi, tu chercheras un refuge devant l'ennemi.","Thou also shalt be drunken: thou shalt be hid, thou also shalt seek strength because of the enemy.","Nak kaw lasta ma suwag yagu, nak ma ŋay goyo, nak ma gar kay ŋay vok sa ma gawta.","Wo fe wo ye bili bilam, wo ye sobô; wo fe wo ye jeñ asoé ya sobô besiñe bôé.","Niniv, ka kwana, bonoy a sa wuw, a sa nduw yik. Sey ki sipi li ɗum vur mesene ɗikey aya.","An boo a wuykan, a nyukkoto, a ɗaɓɓitan hisrude ngam hisugo yeeso konne'en.","An boo a wuykan, a nyukkoto, a ɗaɓɓitan hisrude ngam hisugo yeeso konne'en.","Ninivɛ, mɛ mbɛt, zu mɛ tɛ zik tɛ ŋgamɔ nɛ tɛ tik zu mɛ, ɓɛɛ mɛ tɛ kii fara-hu̧si wen o wisɛn kɔ-mɛ.","Ninivɛ, mɛ mbɛt, zu mɛ tɛ zik tɛ ŋgamɔ nɛ tɛ tik zu mɛ, ɓɛɛ mɛ tɛ kii fara-hu̧si wen o wisɛn kɔ-mɛ.","Ma gha le ŋa ŋa gɛ Ninive, katenza na keghwəyi ghwəyi va yaka ba'a katewəfərə na va hawe. Ma gha le ŋa ŋa gɛ ne, katezele ŋkwa kewəfərə na va ka jaga ta ŋa.","Ndo de see äo aè dingil ge mo yañ go, Day ndo yoñ ge yañ lay. Ndo de see äo ndo kië gi ngeel yaçaç wañ yañ go do heçeçne je hee äon lay."
NAM.3.12," Toutes tes places fortes sont des figuiers aux figues mûres ; on secoue, et elles tombent dans la bouche de qui  veut  les manger.","All thy strong holds shall be like fig trees with the firstripe figs: if they be shaken, they shall even fall into the mouth of the eater.","Gulmun ma ŋuyi tagŋa kaf nam mi gu-gumna ma vuɗ gosoyo, hay li ma san gazamu, nam yak hay vun gigekaw ma min tumu.","Aleme dôé ese e ne ane bibuma befigié bi maneya tôlôbô bi ntoo nteʼan abui; éyoñ ba suʼu befigié, bibuma bite bia ku anyu ya nyô ase a kômbô di bie.","Li ɗikey ngi ndil ng'ar taŋ tuwaˀ tuwaˀhaya, taŋ kaɓa widis ngi urufoy, misi ti mepiɗece locok locok. Da taŋ muwusaka urufo le was si na, a diɗoko kurtoto, nga balam mbur mawuɗ zum taŋ.","Berniiji ma cemmbiɗɗi fuu nanndi bee ibbe ɗe ɓiɓɓe maaje aartuɗe ɓenndi. To goɗɗo dimmbi ɗe, ɓiɓɓe maaje caaman nder hunnduko koo moy giɗɗo nyaamugo ɗe. ","Berniiji ma cemmbiɗɗi fuu nanndi bee ibbe ɗe ɓiɓɓe maaje aartuɗe ɓenndi. To goɗɗo dimmbi ɗe, ɓiɓɓe maaje caaman nder hunnduko koo moy giɗɗo nyaamugo ɗe. ","O ŋga tua kɔ-mɛ hɔɔ ŋmaa in te-mbɔra nɛ wai nɛ haya-a; ka'i yak a̧, ɓɛɛ waya-a tira a nu ha̧ o wi nɛ kɔ̧ɔ̧ mɛ nyɔŋ, ɓɛɛ nyɔŋa.","O ŋga tua kɔ-mɛ hɔɔ ŋmaa in te-mbɔra nɛ wai nɛ haya-a; ka'i yak a̧, ɓɛɛ waya-a tira a nu ha̧ o wi nɛ kɔ̧ɔ̧ mɛ nyɔŋ, ɓɛɛ nyɔŋa.","Nahe zli nyi yitea gha kenza kala ya ta dasekwa nyi kenehe nehe. Gegəzətema ta mbeli ke yɛ dasekwa ne, kabete hɛ kadzawa mɛa wəndə nya keɗe kazeme hɛ.","Kor äo ma de eegre kiñkiñn wo äuy wo do koo hoçoç maga wo de tï¡ï¡ le'ge nono. De maga aà gas ra we no, saara leë le go ne wosela maga de saçy reerage ti jage."
NAM.3.13, Voici que ton peuple est comme des femmes au milieu de toi ; devant tes ennemis s'ouvriront toutes grandes les portes de ton pays ; le feu dévore tes verrous.,"Behold, thy people in the midst of thee are women: the gates of thy land shall be set wide open unto thine enemies: the fire shall devour thy bars.","Ɗuwag sum sa hayagŋa tige, hini hayag wulin kayn si boyna tuta; Vun-galana vag malawa goy vidiŋ' kay sa gawt kagŋa, kut ti sle ma duk vun-ziyna vagawa.",Bôt ô bili be ne ve binga be too ézezañe jôé. Mimbé ya si jôé mia yombô asu besiñe bôé ne ngeññ. Nduan ja diʼi mengôñe môé.,Pura mizli ɗikeye ɗi: sey i ngwasay a hay ɗike tewle. Mizlingre ngi hirwuy ɗike i muwuna le baŋ da mesene ɗikeye: vu a zlizlira faɓuru naŋhaya le.,"Honooɓe ma wonduɓe bee maaɗa laati bana rewɓe. Dammuɗe lesdi ma maɓɓitake jaasɗum yeeso konne'en ma, yiite ɗon nyaama leɗɗe palduɗe. ","Honooɓe ma wonduɓe bee maaɗa laati bana rewɓe. Dammuɗe lesdi ma maɓɓitake jaasɗum yeeso konne'en ma, yiite ɗon nyaama leɗɗe palduɗe. ","Zɔk, o wi-biro kɔ-mɛ nɛ o okoo sɔɔ gee! Nú tua kɔ-mɛ duk booŋ ti o wisɛn kɔ-mɛ! Dor-toyo kɔ-mɛ bia wee kaɗi.","Zɔk, o wi-biro kɔ-mɛ nɛ o okoo sɔɔ gee! Nú tua kɔ-mɛ duk booŋ ti o wisɛn kɔ-mɛ! Dor-toyo kɔ-mɛ bia wee kaɗi.","Nahe ka sewajɛa ŋa kenza kala mi. Nahe gelembe nyi mɛa hɛɗia ŋa keghwenemte nda geva fate fate ke ka ghema ta ŋa, nahe ghwə keteremte wəshi keŋzle ta nci.",Koëa jar ma äil äon wo do naare wo nono. Jag faage äo ma kluurin wo go de buñgi hwiñ hwiñ ka' ka' ne je hee no. Wuu go de roë manyaçaç äo ma jag äaaran wo no.
NAM.3.14," Puise-toi de l'eau en vue du siège, restaure tes forts, pétris l'argile et foule la terre glaise, saisis le moule à briques.","Draw thee waters for the siege, fortify thy strong holds: go into clay, and tread the mortar, make strong the brickkiln.","Tuɗgi go niyna nigi sa Ninivena, kay hoyok-ziyna vigi ka sli'e, kotgi gulmun ma tigin kulo'o, cukgi segi gaa hay nagana, gusloɗgi nagana, kotgi va ma gi direŋgella!","Laane mendim, a bôte ya Ninive amu ndilane ba ye dili mia bita wo ye kui be wo! Kômʼaleme dôé! Nyiʼin e mbotoʼo été a tibi ékon a mebo! Betaʼa kôm ébé ba diʼi brik!","Niniv, nuw yam, asi mesene ɗikey a gunukuw hirnga le, mahiri ngi ɗiya gala ɗik ava, huluɓ hohoy, kulpaŋ, ɗiyi gwat ngi kiɗa brik.","Nyeɗ ndiyam! Ngam konne'en taarake ma. Wo'itin mahol ma cemmbiɗŋgol. Sey a jiiɓa loope, a yaaɓa ɗe, a taasko tappirɗum birikje. ","Nyeɗ ndiyam! Ngam konne'en taarake ma. Wo'itin mahol ma cemmbiɗŋgol. Sey a jiiɓa loope, a yaaɓa ɗe, a taasko tappirɗum birikje. ","Biro tɛ gɔn nú‘nɛ́ e saaye; ɛ̀nɛ̀ ɗú yi ŋgaɓo, ɛ̀nɛ̀ yó ɗoŋ naŋ o ŋga tua k’ɛ́nɛ́; ɛ̀nɛ̀ ŋmá nu mbɛr nɛ brik.","Biro tɛ gɔn nú‘nɛ́ e saaye; ɛ̀nɛ̀ ɗú yi ŋgaɓo, ɛ̀nɛ̀ yó ɗoŋ naŋ o ŋga tua k’ɛ́nɛ́; ɛ̀nɛ̀ ŋmá nu mbɛr nɛ brik.","Ka Ninive, gə mə yɛmə, hi mə zli nya yitea gheyɛ, ŋkeɗe mə rekɛ ba'a kele mə wəsə kempa brəki.",Ëa bii go ciñ jag äo ma gor ti wur maga aè cir ge ti äo go mono! Fer 'wuçy kor äo ma de eegre kiñkiñn wo! Kal nen paçaçge caçaç paçy! Fer 'wuçy ngeel jii brig äon go!
NAM.3.15," Là le feu te dévorera, l'épée t'exterminera, elle te dévorera comme le yéléq, quand tu serais nombreux comme le yéléq, nombreux comme la sauterelle.","There shall the fire devour thee; the sword shall cut thee off, it shall eat thee up like the cankerworm: make thyself many as the cankerworm, make thyself many as the locusts.","Hay li namn ɗawn kut ma ŋalgi goyo, kew-gaferaŋ ma vatgi goyo, kut ma tigiya ki keŋ-keŋŋa nala, molgi yam-tuwgiya ki keŋ-keŋŋa nala, molgi yam tuwgiya ki baara nala.","Vôm ate nduan ja ye mine wo nkpwaté mekôn wo ye wôé wo, wo ye wôé wo ane meselek! Boʼo womien avis ane meselek! Boʼo womien avis ane bitandak!","Vu masa zlumuw na a diga, a sa kiɗukuw ti maslalam. A sa zumukuw a diga kaɓa yuk mazum giziŋ.","Bee non fuu, yiite nyaamete, kaafahi halkete. Ki nyaamete bana baɓɓatti nyaamiditta koo ɗume, koo to yimɓe ma ɗuuɗi bana baɓɓatti. ","Bee non fuu, yiite nyaamete, kaafahi halkete. Ki nyaamete bana baɓɓatti nyaamiditta koo ɗume, koo to yimɓe ma ɗuuɗi bana baɓɓatti. ","Zu-a'i, wee tɛ bíí kana ɛnɛ a nu gbuɗuk; gba-paa tɛ gɔm'nɛ́, ɓɛɛ ɛnɛ kuma hee nyɔnɔ nɛ gba-dɔya nyɔŋ ŋgɛ́rɛ́m-ŋgɛ́rɛ́m’ɛ ga. Ɛ̀nɛ̀ nyɛ́ɓí hee o ndondo-gba-dɔya ga, ɛ̀nɛ̀ nyɛ́ɓí hee o ŋgírí ga.","Zu-a'i, wee tɛ bíí kana ɛnɛ a nu gbuɗuk; gba-paa tɛ gɔm'nɛ́, ɓɛɛ ɛnɛ kuma hee nyɔnɔ nɛ gba-dɔya nyɔŋ ŋgɛ́rɛ́m-ŋgɛ́rɛ́m’ɛ ga. Ɛ̀nɛ̀ nyɛ́ɓí hee o ndondo-gba-dɔya ga, ɛ̀nɛ̀ nyɛ́ɓí hee o ŋgírí ga.","Ama katempə yɛ va ghwə keɗema kwamte mpa. Kateza sebe ka jaga ta ŋayɛ te gheyɛ kala nya zeme wəshi yɛ dzale. Ninive, nahe mbeli nyi mbe gha kese kwele kwele kala yɛ dzale.","Wuu roë ge ndo yañ wo go ni, moslam kaf ge ndo go. AÀ lor ge mo yañ go do gejer nono. Mbol wee go ti keçeç do gejer wo nono! Mbol wee go ti keçeç do magalga wo nono!"
NAM.3.16," Tu as multiplié tes marchands, plus que les étoiles du ciel ; le yéléq ouvre ses ailes et s'envole.","Thou hast multiplied thy merchants above the stars of heaven: the cankerworm spoileth, and flieth away.",Sumuna vigi sa li filiwna biyay ŋolo suw mislekŋ ma dukalawna. Keŋ-keŋŋa mal gilaŋatam goyo nam pira.,Ô nga bulane bebo makite bôé be bo abui a dañ ateté ya yôp; aselek da ndamé mefab a yele.,"Migi terere kumoy a gam le haɗa, fineˀ wurzlaŋhay a muŋ, taŋ kaɓa yuk haɗa maslikiɗ hiihe.",__Error__,__Error__,"O wi-ɗɔr-mɔ k’ɛ́nɛ́ dɔka so gan o sɔra, ɓɛɛ kinii, wa hɔɔ ŋmaa in o gba-dɔya nɛ bu̧i̧a pɛsi yak.","O wi-ɗɔr-mɔ k’ɛ́nɛ́ dɔka so gan o sɔra, ɓɛɛ kinii, wa hɔɔ ŋmaa in o gba-dɔya nɛ bu̧i̧a pɛsi yak.","Kwele kwele ma se ka zhɛre dzeve ta ŋa ke saseregwa nyi te ghweme. Tsetsenya ne, nahe hɛ kezanji kala zhamaya nyi kezlənji.","Ndo dus jar trere äon wo wo go ti ngeel debañ, De dañ ger ma ciñ wo do gejer maga blar grañ äe wo go day ur mono."
NAM.3.17," Tes gardes sont comme le yéléq et tes chefs comme un amas de sauterelles ; elles se posent sur les haies en un jour froid ; dès que le soleil paraît, elles fuient, et l'on ne connaît plus leur séjour; où sont-elles ?","Thy crowned are as the locusts, and thy captains as the great grasshoppers, which camp in the hedges in the cold day, but when the sun ariseth they flee away, and their place is not known where they are.","Sa ŋomda vigiya nisi ki baar nala, sa li lopna vigiya nisi ki baar ma patna nala, hay li ma liyn li sleɗe, nam bar gaa kay zlaɓna, hay li ma fatta day kulo'o, nam muna, liyn ma nam ay hayna sa as wumɗi.","Bebaʼale bôé be ne bitandak, bebo bisaé bôé ane mbame bembaʼasan, ba bebe minkaʼalé mi sam, éyoñ aveb e né. Eyoñe jôp da tôô, ba mane yele, teke na môt a ne beta yem e vôm be mbe.","Mijigin kumoy a gam le haɗa kaɓa jaray, migi slra ɗik ngi dalahaya taŋ zirininini kaɓa jijiwiɗ ngi mam, macifi ar hadaw ti hin ngi himiɗi, da pas a bo le na, a slikiɗam cek, a ram kini ng'amaka na, ko asinta. Na taŋ a ma ska?",__Error__,__Error__,"O wi-pɛm-mɔ k’ɛ́nɛ́ gbisi so hee o ŋgírí ga, o mɔ-geŋa k’ɛ́nɛ́ dɔka so hee gii kokoɗo-mɔ ga. Kà gɛ̧ɛ̧ de mɔ, ɓɛɛ wa mboɗa duk tɛ ŋgeŋ, kà wese ba, ɓɛɛ wa kaia ŋmaa pɛsi yak. Wi iŋ oi wa ɓɔna.","O wi-pɛm-mɔ k’ɛ́nɛ́ gbisi so hee o ŋgírí ga, o mɔ-geŋa k’ɛ́nɛ́ dɔka so hee gii kokoɗo-mɔ ga. Kà gɛ̧ɛ̧ de mɔ, ɓɛɛ wa mboɗa duk tɛ ŋgeŋ, kà wese ba, ɓɛɛ wa kaia ŋmaa pɛsi yak. Wi iŋ oi wa ɓɔna.","Nahe ka ya ŋa kese kala yɛ dzale, ka mene slene ta ŋa kala ləmbəa zhamaya nyi kemenji hwa wəfe te vəa ntasle. Ɓelama ta veci ne, kazlənji hɛ kalə te ŋkwa nya ɗepema mbeli. Tema lənji hɛ wa?","Jar gor ngeel äon wo do magalga wo nono. Jar joñre äon wo do mapoë maga lag wo ti sugway wo de maga ngeel de ceere nono. Day de maga wur naa le go mono, Saara pud go jobo kaçaç ma ko ngeel maga aà hay wo ni mo gaa so."
NAM.3.18," Tes pasteurs sont endormis, roi d'Assyrie ; tes vaillants hommes sont couchés, ton peuple est dispersé sur les montagnes, et il n'y a personne qui  les  rassemble.","Thy shepherds slumber, O king of Assyria: thy nobles shall dwell in the dust: thy people is scattered upon the mountains, and no man gathereth them.","Sumuna vag sa ŋom farayn cuki sene, mulla vi Asiriya, Sumuna vag sa wi duura say geɗ tuwsi loɗi, Sumuna vag ka meray goy kay yam-hiɗiyna, sa ma toksi yisi may loɗi.","A njô bôte yʼAsiri, bebaʼale mintômba bôé ba ke ôyo, biwôlô bi bôte biôé bi tele teke fôʼôsan: e bôte bôé be maneya mialan e minkôle minkô, a môt ya kôane be vôme wua a nji bo.","Buy Asiri, mijigin kumoy a roko ɗokɗok ngi wãˀ! Madiɗa ngi soje ɗikey anta wusam mata! Soje ɗikey a zliɗam hirnga le a muwãhay, ko mbur anta ngi cikila hirnga taŋ ta.","An laamiiɗo Assuura, ardiiɓe ma ɗaanake, hoore'en ma suusɓe mbaalake, ndimmbataako, ummaatoore ma saŋkitake dow kooseeje, walaa mooɓtanɗo nde. ","An laamiiɗo Assuura, ardiiɓe ma ɗaanake, hoore'en ma suusɓe mbaalake, ndimmbataako, ummaatoore ma saŋkitake dow kooseeje, walaa mooɓtanɗo nde. ","Ho! Wannu Asirii! O gasawi kɔ-mɛ ɔ nɛ ya nde? O ŋgaŋa wi-biro kɔ-mɛ fo tɛ ɓɔna. O duk wi-biro kɔ-mɛ pɛsa sót-sót dam zu kaya, ɓɛɛ ŋma bíí mɛ mɔi̧ wa pii ɗoŋ woyo bo na.","Ho! Wannu Asirii! O gasawi kɔ-mɛ ɔ nɛ ya nde? O ŋgaŋa wi-biro kɔ-mɛ fo tɛ ɓɔna. O duk wi-biro kɔ-mɛ pɛsa sót-sót dam zu kaya, ɓɛɛ ŋma bíí mɛ mɔi̧ wa pii ɗoŋ woyo bo na.","Meghe nya mbe Asiri, nahe mbelia ŋa nyi te ghə kenza yitea hɛ, nahe mbeli nyi te ghəa ka sewajɛa ŋa kempə. Nahe mbelia ŋa ketazemte geva dzeme hwa yɛ ghweme. Wəndə shɛ kezha tsene hɛ we.","Wañ Asiri, jar koë sir äon laa wo naa go, Jar äo ma de eegre jag jawn laa wo do äaara go gesiñ. Jar sir äon wo go de welge ciñ ti huuli wo. Je tay ti äaara le bay wa hase."
NAM.3.19," Ta blessure est sans remède, ta plaie est grave ; tous ceux qui entendront raconter ton  sort  battront des mains à ton sujet ; car sur qui ta méchanceté n'a-t-elle pas passé sans trêve ?",There is no healing of thy bruise; thy wound is grievous: all that hear the bruit of thee shall clap the hands over thee: for upon whom hath not thy wickedness passed continually?,"Va ma sleɗ vun milla vag may loɗi, namu mi mil ma cap cag goy mati. La sumun hum labara vagawa, nisi ma ci ɓisi kag rip-rip'. Joo na'ta ta tun-suk may haya' noŋɗit kayni, sa ma nak la' talamɗin mi gige?","Teke mvolan ô ne yené asu aveñe dôé. Fôle jôé é ne ve nyô ja wôé. Ba bese ba ye wôʼô be kobôʼô ajô dôé, ba ye kute wo kôp; amu za nye ézezame jôé é nga bo te nambe teke awoʼon?","Mendere mulumuw na, anta ɗiyi mata, waˀa ɗike, anta kuf mata. Mbur gar micina ɓi ngi gwat mulumuw na le na, a kiɗ haŋ aseˀe vur ka, asi moˀore ɗik na, ɓa ki ga da mburo, makaw mbeˀ mbeˀ ta na, ada kwa?","Walaa lekki ngam naawnere ma, huuduure ma hurgataako. Nananɓe habaru maaɗa fuu kellan juuɗe ngam maaɗa, ngam tum halleende ma meemi koo moy .","Walaa lekki ngam naawnere ma, huuduure ma hurgataako. Nananɓe habaru maaɗa fuu kellan juuɗe ngam maaɗa, ngam tum halleende ma meemi koo moy .","Mɔ kɔ-mɛ'ɛ, nyina-a bo na; yuwar ɗafa-a bo na. Koo o nde nɛ zii nyɛrɛ tika-a kɔ-mɛ ɓu nɛ er nɛ desee, wen bɔnɛ nɛ mɛ usa so ha̧ o bíí bo nɛ mɔɔ-tɔ̧-nú-a na.","Mɔ kɔ-mɛ'ɛ, nyina-a bo na; yuwar ɗafa-a bo na. Koo o nde nɛ zii nyɛrɛ tika-a kɔ-mɛ ɓu nɛ er nɛ desee, wen bɔnɛ nɛ mɛ usa so ha̧ o bíí bo nɛ mɔɔ-tɔ̧-nú-a na.","Ndiremi nya ɗema ghwɛ yitea ya te gha, katempi yɛ zhia ŋa we. Ma yayata wəndə nya kefate nza ta ŋa ne, kampi dzeve ŋkɛ yitea ndiremi nya te gha, kwa nza ŋkɛ wa nde sakɛma yaka va 'yaghwa mehele ta ŋa nya memene na wa?","Sañgu bay ma rug waçaçge ma de caa mogen wa. Waçaçge äon go diñ ma 'war mo ge. Jar maga laa ge wo waçaçre ti äo mo äuy, Ma' ge wo do yañ jag de feg ti ree maga caa ndo mono. Gahaçyla wose hay we so ga debaycoçoçre äon hay bay duëgi äe ceä wa la?"
